1	12/31/10	39.88	40.0	36.88	37.0	11291717	39.88	002532	新界泵业	SZ
2	1/4/11	36.0	37.94	35.05	37.8	5508257	36.0	002532	新界泵业	SZ
3	1/5/11	37.98	39.68	37.81	39.26	5829327	37.98	002532	新界泵业	SZ
4	1/6/11	38.91	39.11	38.1	38.5	3532307	38.91	002532	新界泵业	SZ
5	1/7/11	37.9	37.9	35.5	36.57	2843681	37.9	002532	新界泵业	SZ
6	1/10/11	36.31	40.23	36.25	40.23	7148590	36.31	002532	新界泵业	SZ
7	1/11/11	40.0	40.74	38.01	38.3	4681267	40.0	002532	新界泵业	SZ
8	1/12/11	38.21	40.98	37.03	40.49	5003681	38.21	002532	新界泵业	SZ
9	1/13/11	39.01	39.75	38.13	38.47	3987903	39.01	002532	新界泵业	SZ
10	1/14/11	39.4	41.55	39.3	39.88	4426462	39.4	002532	新界泵业	SZ
11	1/17/11	38.4	41.41	37.08	40.0	3888711	38.4	002532	新界泵业	SZ
12	1/18/11	39.5	43.69	38.95	42.98	4841763	39.5	002532	新界泵业	SZ
13	1/19/11	42.0	44.6	41.32	43.41	4274642	42.0	002532	新界泵业	SZ
14	1/20/11	42.55	46.5	42.2	44.3	4623911	42.55	002532	新界泵业	SZ
15	1/21/11	43.81	45.47	42.8	43.5	3646594	43.81	002532	新界泵业	SZ
16	1/24/11	43.01	44.12	41.5	41.58	2962952	43.01	002532	新界泵业	SZ
17	1/25/11	40.58	40.97	37.42	37.42	3579605	40.58	002532	新界泵业	SZ
18	1/26/11	37.51	39.18	37.02	37.93	2437289	37.51	002532	新界泵业	SZ
19	1/27/11	37.01	38.85	36.51	38.24	2320187	37.01	002532	新界泵业	SZ
20	1/28/11	38.4	41.55	38.4	40.8	2991198	38.4	002532	新界泵业	SZ
21	1/31/11	41.5	44.88	41.5	44.88	4858135	41.5	002532	新界泵业	SZ
22	2/1/11	44.0	44.38	42.71	43.55	2832078	44.0	002532	新界泵业	SZ
23	2/9/11	43.92	47.5	43.55	46.23	4328607	43.92	002532	新界泵业	SZ
24	2/10/11	46.18	46.18	44.55	45.7	3303356	46.18	002532	新界泵业	SZ
25	2/11/11	45.7	45.7	45.7	45.7	0	45.7	002532	新界泵业	SZ
26	2/14/11	45.7	45.72	43.41	45.13	3409282	45.7	002532	新界泵业	SZ
27	2/15/11	44.5	46.98	44.22	44.7	3501212	44.5	002532	新界泵业	SZ
28	2/16/11	44.1	45.39	43.8	44.81	2298166	44.1	002532	新界泵业	SZ
29	2/17/11	45.44	49.28	45.13	46.51	4457167	45.44	002532	新界泵业	SZ
30	2/18/11	45.9	46.31	44.27	44.5	2749766	45.9	002532	新界泵业	SZ
31	2/21/11	44.0	45.5	43.83	45.05	1736925	44.0	002532	新界泵业	SZ
32	2/22/11	44.88	44.99	42.0	42.02	2405730	44.88	002532	新界泵业	SZ
33	2/23/11	41.51	42.97	41.51	42.7	1321714	41.51	002532	新界泵业	SZ
34	2/24/11	42.75	43.1	42.11	42.83	993711	42.75	002532	新界泵业	SZ
35	2/25/11	43.0	43.0	41.0	42.33	1001794	43.0	002532	新界泵业	SZ
36	2/28/11	42.45	43.99	41.82	43.31	1256389	42.45	002532	新界泵业	SZ
37	3/1/11	43.31	44.6	42.88	44.51	1465135	43.31	002532	新界泵业	SZ
38	3/2/11	44.51	44.51	44.51	44.51	0	44.51	002532	新界泵业	SZ
39	3/3/11	44.0	44.0	41.89	41.91	1699270	44.0	002532	新界泵业	SZ
40	3/4/11	41.88	42.45	41.02	41.72	1015641	41.88	002532	新界泵业	SZ
41	3/7/11	41.99	42.1	40.85	41.28	1416213	41.99	002532	新界泵业	SZ
42	3/8/11	41.28	41.68	40.99	41.49	1059551	41.28	002532	新界泵业	SZ
43	3/9/11	41.5	42.99	41.49	42.17	1853718	41.5	002532	新界泵业	SZ
44	3/10/11	42.5	44.47	41.41	44.4	3505585	42.5	002532	新界泵业	SZ
45	3/11/11	44.3	45.63	43.07	43.9	3256836	44.3	002532	新界泵业	SZ
46	3/14/11	42.98	44.15	42.78	43.4	1417083	42.98	002532	新界泵业	SZ
47	3/15/11	43.25	43.76	41.8	42.19	1440419	43.25	002532	新界泵业	SZ
48	3/16/11	42.54	42.56	41.73	42.15	814340	42.54	002532	新界泵业	SZ
49	3/17/11	42.0	42.0	40.12	40.34	1475224	42.0	002532	新界泵业	SZ
50	3/18/11	40.5	41.49	40.5	40.79	701249	40.5	002532	新界泵业	SZ
51	3/21/11	40.46	40.97	40.17	40.6	555191	40.46	002532	新界泵业	SZ
52	3/22/11	40.88	41.66	40.29	41.39	699408	40.88	002532	新界泵业	SZ
53	3/23/11	41.2	41.55	40.9	41.48	610377	41.2	002532	新界泵业	SZ
54	3/24/11	41.3	41.5	40.43	40.57	673495	41.3	002532	新界泵业	SZ
55	3/25/11	40.4	40.98	40.04	40.85	696393	40.4	002532	新界泵业	SZ
56	3/28/11	40.65	42.63	40.6	42.15	1865417	40.65	002532	新界泵业	SZ
57	3/29/11	41.7	43.3	41.35	41.55	1426356	41.7	002532	新界泵业	SZ
58	3/30/11	41.35	41.51	39.31	39.62	1046195	41.35	002532	新界泵业	SZ
59	3/31/11	39.9	40.47	38.75	38.77	980215	39.9	002532	新界泵业	SZ
60	4/1/11	39.28	39.4	38.2	39.1	723816	39.28	002532	新界泵业	SZ
61	4/6/11	39.0	39.1	37.65	37.8	1450237	39.0	002532	新界泵业	SZ
62	4/7/11	37.78	39.16	37.7	38.98	1141466	37.78	002532	新界泵业	SZ
63	4/8/11	38.88	38.98	38.41	38.95	839658	38.88	002532	新界泵业	SZ
64	4/11/11	38.9	39.09	38.02	38.1	906729	38.9	002532	新界泵业	SZ
65	4/12/11	38.02	38.5	37.89	38.19	527628	38.02	002532	新界泵业	SZ
66	4/13/11	38.18	39.33	38.04	39.08	888269	38.18	002532	新界泵业	SZ
67	4/14/11	39.08	39.19	38.4	38.5	653113	39.08	002532	新界泵业	SZ
68	4/15/11	38.5	38.83	38.01	38.7	512991	38.5	002532	新界泵业	SZ
69	4/18/11	38.55	38.76	38.08	38.74	470839	38.55	002532	新界泵业	SZ
70	4/19/11	38.4	39.5	38.12	39.14	810757	38.4	002532	新界泵业	SZ
71	4/20/11	39.38	40.18	39.06	40.1	2322437	39.38	002532	新界泵业	SZ
72	4/21/11	39.89	39.98	39.27	39.44	933580	39.89	002532	新界泵业	SZ
73	4/22/11	39.44	39.44	39.44	39.44	0	39.44	002532	新界泵业	SZ
74	4/25/11	38.96	38.96	37.99	38.23	654865	38.96	002532	新界泵业	SZ
75	4/26/11	37.99	38.75	37.1	37.41	488325	37.99	002532	新界泵业	SZ
76	4/27/11	37.39	37.97	36.18	36.39	460099	37.39	002532	新界泵业	SZ
77	4/28/11	36.2	37.4	36.2	36.63	622376	36.2	002532	新界泵业	SZ
78	4/29/11	37.0	37.1	36.41	36.75	263931	37.0	002532	新界泵业	SZ
79	5/3/11	36.7	37.02	35.48	37.02	442494	36.7	002532	新界泵业	SZ
80	5/4/11	37.68	37.69	36.4	36.61	654335	37.68	002532	新界泵业	SZ
81	5/5/11	36.1	36.99	36.02	36.72	321651	36.1	002532	新界泵业	SZ
82	5/6/11	36.15	37.33	36.02	37.16	385419	36.15	002532	新界泵业	SZ
83	5/9/11	37.6	38.4	37.58	37.86	797178	37.6	002532	新界泵业	SZ
84	5/10/11	38.39	38.5	37.34	37.8	694836	38.39	002532	新界泵业	SZ
85	5/11/11	18.9	18.9	18.11	18.17	1510719	18.9	002532	新界泵业	SZ
86	5/12/11	18.0	18.0	16.91	17.01	2744616	18.0	002532	新界泵业	SZ
87	5/13/11	16.98	17.18	16.65	17.04	1245659	16.98	002532	新界泵业	SZ
88	5/16/11	16.97	17.17	16.86	17.03	746926	16.97	002532	新界泵业	SZ
89	5/17/11	17.07	18.73	17.06	18.73	3119939	17.07	002532	新界泵业	SZ
90	5/18/11	19.28	19.45	18.31	18.35	4646294	19.28	002532	新界泵业	SZ
91	5/19/11	18.16	18.45	17.82	17.99	2046936	18.16	002532	新界泵业	SZ
92	5/20/11	17.95	19.79	17.8	19.43	6374428	17.95	002532	新界泵业	SZ
93	5/23/11	19.02	20.87	19.0	19.95	10379104	19.02	002532	新界泵业	SZ
94	5/24/11	19.7	20.6	19.01	19.95	5902659	19.7	002532	新界泵业	SZ
95	5/25/11	19.97	20.35	18.9	19.13	4006153	19.97	002532	新界泵业	SZ
96	5/26/11	19.18	19.98	18.69	19.68	4306132	19.18	002532	新界泵业	SZ
97	5/27/11	19.6	19.6	17.72	18.0	3168502	19.6	002532	新界泵业	SZ
98	5/30/11	17.91	19.8	17.91	19.8	2737361	17.91	002532	新界泵业	SZ
99	5/31/11	21.43	21.43	20.3	20.7	12678525	21.43	002532	新界泵业	SZ
100	6/1/11	20.51	22.77	20.51	22.77	18746848	20.51	002532	新界泵业	SZ
101	6/2/11	22.3	22.3	21.25	21.85	11659688	22.3	002532	新界泵业	SZ
102	6/3/11	21.64	21.94	20.66	21.84	8673174	21.64	002532	新界泵业	SZ
103	6/7/11	21.88	21.88	20.36	20.5	10059022	21.88	002532	新界泵业	SZ
104	6/8/11	20.03	20.8	19.66	20.64	8546662	20.03	002532	新界泵业	SZ
105	6/9/11	20.28	20.28	19.03	19.03	6774948	20.28	002532	新界泵业	SZ
106	6/10/11	18.73	19.1	18.1	18.48	4825075	18.73	002532	新界泵业	SZ
107	6/13/11	18.45	19.45	17.85	19.26	5842295	18.45	002532	新界泵业	SZ
108	6/14/11	18.98	19.69	18.88	19.12	5214491	18.98	002532	新界泵业	SZ
109	6/15/11	19.12	19.12	19.12	19.12	0	19.12	002532	新界泵业	SZ
110	6/16/11	18.58	18.6	17.81	17.92	3496556	18.58	002532	新界泵业	SZ
111	6/17/11	17.83	18.4	17.79	17.88	2197263	17.83	002532	新界泵业	SZ
112	6/20/11	17.9	18.25	17.5	17.84	2046920	17.9	002532	新界泵业	SZ
113	6/21/11	17.86	18.09	17.61	18.0	2147801	17.86	002532	新界泵业	SZ
114	6/22/11	18.08	18.97	18.08	18.34	4587681	18.08	002532	新界泵业	SZ
115	6/23/11	18.0	18.48	17.51	18.29	3878655	18.0	002532	新界泵业	SZ
116	6/24/11	18.29	19.35	18.0	18.78	5843332	18.29	002532	新界泵业	SZ
117	6/27/11	18.58	19.14	18.5	18.95	4489109	18.58	002532	新界泵业	SZ
118	6/28/11	18.97	20.55	18.82	19.9	7284248	18.97	002532	新界泵业	SZ
119	6/29/11	19.65	20.38	19.52	19.52	7337578	19.65	002532	新界泵业	SZ
120	6/30/11	19.22	19.8	19.19	19.52	3665994	19.22	002532	新界泵业	SZ
121	7/1/11	19.53	19.79	19.4	19.4	3059238	19.53	002532	新界泵业	SZ
122	7/4/11	19.4	19.82	19.36	19.82	3563328	19.4	002532	新界泵业	SZ
123	7/5/11	19.88	21.19	19.6	21.0	8573165	19.88	002532	新界泵业	SZ
124	7/6/11	20.78	21.98	20.41	21.72	9531266	20.78	002532	新界泵业	SZ
125	7/7/11	21.55	23.5	21.5	21.88	11842996	21.55	002532	新界泵业	SZ
126	7/8/11	21.59	21.73	20.6	21.54	6086623	21.59	002532	新界泵业	SZ
127	7/11/11	22.7	23.59	22.3	23.0	12315243	22.7	002532	新界泵业	SZ
128	7/12/11	22.68	25.12	22.08	24.5	13352321	22.68	002532	新界泵业	SZ
129	7/13/11	24.3	24.84	24.01	24.47	9019283	24.3	002532	新界泵业	SZ
130	7/14/11	24.31	26.48	23.73	25.85	11748501	24.31	002532	新界泵业	SZ
131	7/15/11	25.5	27.85	25.05	25.86	12816810	25.5	002532	新界泵业	SZ
132	7/18/11	25.5	26.45	24.93	25.77	8329903	25.5	002532	新界泵业	SZ
133	7/19/11	25.39	26.0	24.97	24.98	5568365	25.39	002532	新界泵业	SZ
134	7/20/11	25.01	25.3	24.54	25.1	4289077	25.01	002532	新界泵业	SZ
135	7/21/11	24.95	25.48	24.66	24.7	3992789	24.95	002532	新界泵业	SZ
136	7/22/11	24.7	25.0	24.38	24.42	3341448	24.7	002532	新界泵业	SZ
137	7/25/11	24.3	24.3	22.2	22.3	5323523	24.3	002532	新界泵业	SZ
138	7/26/11	22.18	22.7	21.8	22.67	3559994	22.18	002532	新界泵业	SZ
139	7/27/11	22.46	22.89	22.11	22.71	3706530	22.46	002532	新界泵业	SZ
140	7/28/11	22.71	22.71	22.71	22.71	0	22.71	002532	新界泵业	SZ
141	7/29/11	22.95	23.95	22.95	23.06	5514241	22.95	002532	新界泵业	SZ
142	8/1/11	22.8	23.17	22.15	23.09	2697870	22.8	002532	新界泵业	SZ
143	8/2/11	23.29	24.87	23.18	24.78	8473026	23.29	002532	新界泵业	SZ
144	8/3/11	24.3	25.1	24.04	24.85	6115792	24.3	002532	新界泵业	SZ
145	8/4/11	25.0	25.39	24.33	24.95	6501095	25.0	002532	新界泵业	SZ
146	8/5/11	23.55	24.47	23.3	23.8	4553204	23.55	002532	新界泵业	SZ
147	8/8/11	23.0	23.19	21.42	21.42	5441173	23.0	002532	新界泵业	SZ
148	8/9/11	20.4	21.73	19.36	21.15	4389109	20.4	002532	新界泵业	SZ
149	8/10/11	21.7	22.25	21.2	21.37	3594486	21.7	002532	新界泵业	SZ
150	8/11/11	20.66	21.93	20.36	21.62	3703565	20.66	002532	新界泵业	SZ
151	8/12/11	21.77	22.44	21.77	21.8	3348285	21.77	002532	新界泵业	SZ
152	8/15/11	21.92	22.5	21.92	22.37	2643397	21.92	002532	新界泵业	SZ
153	8/16/11	22.53	22.61	21.9	21.96	2893132	22.53	002532	新界泵业	SZ
154	8/17/11	21.82	23.49	21.82	23.0	6750746	21.82	002532	新界泵业	SZ
155	8/18/11	22.92	22.92	22.22	22.38	3540611	22.92	002532	新界泵业	SZ
156	8/19/11	21.6	22.18	21.41	22.03	2251828	21.6	002532	新界泵业	SZ
157	8/22/11	22.0	22.27	21.3	21.4	2051422	22.0	002532	新界泵业	SZ
158	8/23/11	21.4	22.04	21.39	21.88	2190200	21.4	002532	新界泵业	SZ
159	8/24/11	22.01	22.9	22.0	22.22	3531227	22.01	002532	新界泵业	SZ
160	8/25/11	22.09	22.77	22.09	22.67	3033150	22.09	002532	新界泵业	SZ
161	8/26/11	22.77	23.0	22.48	22.6	3346907	22.77	002532	新界泵业	SZ
162	8/29/11	22.6	22.92	22.26	22.7	2012697	22.6	002532	新界泵业	SZ
163	8/30/11	22.89	23.38	22.03	22.18	2756666	22.89	002532	新界泵业	SZ
164	8/31/11	21.95	22.69	21.9	22.27	1815280	21.95	002532	新界泵业	SZ
165	9/1/11	22.27	22.59	21.5	21.67	2002144	22.27	002532	新界泵业	SZ
166	9/2/11	21.67	21.78	20.73	20.78	1930760	21.67	002532	新界泵业	SZ
167	9/5/11	20.98	20.98	19.78	19.78	1907813	20.98	002532	新界泵业	SZ
168	9/6/11	19.59	19.79	19.28	19.41	1226978	19.59	002532	新界泵业	SZ
169	9/7/11	19.58	20.28	19.58	20.19	1725107	19.58	002532	新界泵业	SZ
170	9/8/11	20.3	20.47	19.6	19.7	1393534	20.3	002532	新界泵业	SZ
171	9/9/11	19.7	20.2	19.6	19.93	1287522	19.7	002532	新界泵业	SZ
172	9/13/11	19.63	20.55	19.63	20.09	2064537	19.63	002532	新界泵业	SZ
173	9/14/11	20.36	20.55	19.64	20.3	1751399	20.36	002532	新界泵业	SZ
174	9/15/11	20.3	20.56	20.06	20.32	2179982	20.3	002532	新界泵业	SZ
175	9/16/11	20.35	20.52	19.85	19.9	1476743	20.35	002532	新界泵业	SZ
176	9/19/11	19.65	19.77	18.51	18.57	1700396	19.65	002532	新界泵业	SZ
177	9/20/11	18.5	18.86	18.3	18.7	1450692	18.5	002532	新界泵业	SZ
178	9/21/11	18.66	19.78	18.4	19.74	2585002	18.66	002532	新界泵业	SZ
179	9/22/11	19.72	19.72	18.87	18.89	2462007	19.72	002532	新界泵业	SZ
180	9/23/11	18.35	19.3	18.35	19.14	1822409	18.35	002532	新界泵业	SZ
181	9/26/11	18.76	19.27	18.76	18.88	1116802	18.76	002532	新界泵业	SZ
182	9/27/11	19.23	19.23	18.61	18.86	644339	19.23	002532	新界泵业	SZ
183	9/28/11	18.82	19.29	18.45	18.54	757697	18.82	002532	新界泵业	SZ
184	9/29/11	18.45	18.45	17.18	17.22	1280201	18.45	002532	新界泵业	SZ
185	9/30/11	17.25	17.45	16.7	17.19	830924	17.25	002532	新界泵业	SZ
186	10/10/11	17.11	17.48	16.81	17.3	959443	17.11	002532	新界泵业	SZ
187	10/11/11	17.85	18.0	17.04	17.45	1203825	17.85	002532	新界泵业	SZ
188	10/12/11	17.26	18.11	17.02	18.01	1505468	17.26	002532	新界泵业	SZ
189	10/13/11	18.35	19.48	18.18	19.0	3865249	18.35	002532	新界泵业	SZ
190	10/14/11	18.69	19.35	18.5	18.89	2133882	18.69	002532	新界泵业	SZ
191	10/17/11	18.89	19.08	18.6	18.73	1390675	18.89	002532	新界泵业	SZ
192	10/18/11	18.51	18.7	17.62	17.65	1538144	18.51	002532	新界泵业	SZ
193	10/19/11	17.65	18.16	17.6	17.7	974357	17.65	002532	新界泵业	SZ
194	10/20/11	17.51	17.7	16.78	16.98	1259425	17.51	002532	新界泵业	SZ
195	10/21/11	17.0	17.16	16.72	16.76	725082	17.0	002532	新界泵业	SZ
196	10/24/11	16.8	17.2	16.41	17.12	1023468	16.8	002532	新界泵业	SZ
197	10/25/11	17.2	17.77	16.9	17.59	1772582	17.2	002532	新界泵业	SZ
198	10/26/11	17.45	17.95	17.31	17.56	2009321	17.45	002532	新界泵业	SZ
199	10/27/11	17.67	18.65	17.45	17.94	2371779	17.67	002532	新界泵业	SZ
200	10/28/11	18.29	18.47	17.78	18.21	2292261	18.29	002532	新界泵业	SZ
201	10/31/11	18.18	18.73	17.96	18.69	2384673	18.18	002532	新界泵业	SZ
202	11/1/11	18.43	19.56	18.3	19.4	5051982	18.43	002532	新界泵业	SZ
203	11/2/11	19.0	19.9	18.8	19.83	4045840	19.0	002532	新界泵业	SZ
204	11/3/11	21.79	21.81	20.58	20.6	8420587	21.79	002532	新界泵业	SZ
205	11/4/11	20.62	21.29	20.11	20.43	4714574	20.62	002532	新界泵业	SZ
206	11/7/11	20.18	20.55	20.15	20.29	2216603	20.18	002532	新界泵业	SZ
207	11/8/11	20.29	20.38	19.41	19.51	2482909	20.29	002532	新界泵业	SZ
208	11/9/11	19.63	20.09	19.33	20.09	2504472	19.63	002532	新界泵业	SZ
209	11/10/11	19.7	19.95	19.52	19.6	2048812	19.7	002532	新界泵业	SZ
210	11/11/11	19.64	20.15	19.47	19.5	1355087	19.64	002532	新界泵业	SZ
211	11/14/11	19.85	20.14	19.66	19.96	1988322	19.85	002532	新界泵业	SZ
212	11/15/11	19.9	20.48	19.8	20.35	2404765	19.9	002532	新界泵业	SZ
213	11/16/11	20.36	20.36	19.18	19.28	2457383	20.36	002532	新界泵业	SZ
214	11/17/11	19.23	19.59	19.23	19.4	1184997	19.23	002532	新界泵业	SZ
215	11/18/11	19.16	19.69	18.59	18.75	1625736	19.16	002532	新界泵业	SZ
216	11/21/11	18.75	19.15	18.2	19.15	1470003	18.75	002532	新界泵业	SZ
217	11/22/11	18.8	19.6	18.6	19.48	1768670	18.8	002532	新界泵业	SZ
218	11/23/11	19.47	19.62	18.91	18.95	1289005	19.47	002532	新界泵业	SZ
219	11/24/11	18.6	18.7	18.0	18.45	1389585	18.6	002532	新界泵业	SZ
220	11/25/11	18.32	18.66	18.0	18.36	1182289	18.32	002532	新界泵业	SZ
221	11/28/11	18.78	20.2	18.71	20.2	5791047	18.78	002532	新界泵业	SZ
222	11/29/11	20.85	20.85	19.82	20.0	5228225	20.85	002532	新界泵业	SZ
223	11/30/11	20.0	21.33	20.0	20.44	8906803	20.0	002532	新界泵业	SZ
224	12/1/11	20.99	21.62	20.4	21.05	7619423	20.99	002532	新界泵业	SZ
225	12/2/11	20.7	21.61	20.55	21.29	6012814	20.7	002532	新界泵业	SZ
226	12/5/11	21.1	21.1	19.16	19.22	4478642	21.1	002532	新界泵业	SZ
227	12/6/11	18.78	19.36	18.21	19.06	3090849	18.78	002532	新界泵业	SZ
228	12/7/11	18.99	19.17	18.58	18.97	2312920	18.99	002532	新界泵业	SZ
229	12/8/11	19.12	20.87	18.78	20.79	9370409	19.12	002532	新界泵业	SZ
230	12/9/11	20.19	21.28	20.06	21.25	8105875	20.19	002532	新界泵业	SZ
231	12/12/11	21.16	21.98	20.75	20.91	6449516	21.16	002532	新界泵业	SZ
232	12/13/11	21.05	22.52	20.91	21.63	10680758	21.05	002532	新界泵业	SZ
233	12/14/11	21.55	22.25	20.55	21.7	8189691	21.55	002532	新界泵业	SZ
234	12/15/11	21.45	22.18	20.6	20.75	7962528	21.45	002532	新界泵业	SZ
235	12/16/11	20.4	22.7	20.1	22.62	7122560	20.4	002532	新界泵业	SZ
236	12/19/11	22.1	23.3	21.95	23.04	8504513	22.1	002532	新界泵业	SZ
237	12/20/11	23.04	23.13	22.16	22.21	5423145	23.04	002532	新界泵业	SZ
238	12/21/11	22.5	22.65	21.25	21.38	5189641	22.5	002532	新界泵业	SZ
239	12/22/11	21.1	23.47	20.8	22.97	8665095	21.1	002532	新界泵业	SZ
240	12/23/11	22.5	23.4	22.18	23.09	7738284	22.5	002532	新界泵业	SZ
241	12/26/11	22.8	23.58	22.41	22.65	6180882	22.8	002532	新界泵业	SZ
242	12/27/11	22.3	23.07	21.47	21.7	5560836	22.3	002532	新界泵业	SZ
243	12/28/11	21.5	21.93	20.0	20.5	4951100	21.5	002532	新界泵业	SZ
244	12/29/11	20.45	20.88	20.1	20.5	3068816	20.45	002532	新界泵业	SZ
245	12/30/11	20.44	21.25	20.24	20.95	4494223	20.44	002532	新界泵业	SZ
246	1/4/12	21.16	21.48	20.53	20.77	3964503	21.16	002532	新界泵业	SZ
247	1/5/12	20.5	20.57	18.69	18.69	3703680	20.5	002532	新界泵业	SZ
248	1/6/12	17.83	18.33	16.82	17.9	4378119	17.83	002532	新界泵业	SZ
249	1/9/12	17.7	18.59	17.3	18.44	3355136	17.7	002532	新界泵业	SZ
250	1/10/12	18.4	19.48	18.28	19.22	4286603	18.4	002532	新界泵业	SZ
251	1/11/12	18.9	19.69	18.85	19.28	3934379	18.9	002532	新界泵业	SZ
252	1/12/12	19.16	20.2	19.11	19.52	3916452	19.16	002532	新界泵业	SZ
253	1/13/12	19.31	19.65	18.11	18.13	3296476	19.31	002532	新界泵业	SZ
254	1/16/12	17.7	18.24	17.08	17.09	1999988	17.7	002532	新界泵业	SZ
255	1/17/12	17.1	18.16	17.1	18.11	2399629	17.1	002532	新界泵业	SZ
256	1/18/12	18.11	18.42	16.4	17.03	5961389	18.11	002532	新界泵业	SZ
257	1/19/12	16.96	17.15	16.56	16.72	2938651	16.96	002532	新界泵业	SZ
258	1/20/12	17.07	17.74	16.86	17.56	3527048	17.07	002532	新界泵业	SZ
259	1/30/12	17.75	17.97	17.55	17.66	3092926	17.75	002532	新界泵业	SZ
260	1/31/12	17.66	17.95	17.0	17.95	2268946	17.66	002532	新界泵业	SZ
261	2/1/12	18.03	18.73	17.74	18.33	4650772	18.03	002532	新界泵业	SZ
262	2/2/12	18.55	18.7	18.01	18.45	4016381	18.55	002532	新界泵业	SZ
263	2/3/12	18.4	18.55	18.25	18.46	3019653	18.4	002532	新界泵业	SZ
264	2/6/12	18.45	18.58	18.2	18.42	2925912	18.45	002532	新界泵业	SZ
265	2/7/12	18.35	18.35	17.62	17.8	2557696	18.35	002532	新界泵业	SZ
266	2/8/12	17.79	18.34	17.63	18.23	2505566	17.79	002532	新界泵业	SZ
267	2/9/12	18.3	19.15	18.2	18.76	5942948	18.3	002532	新界泵业	SZ
268	2/10/12	18.7	19.18	18.51	18.92	5033309	18.7	002532	新界泵业	SZ
269	2/13/12	18.81	19.59	18.77	19.06	5452501	18.81	002532	新界泵业	SZ
270	2/14/12	19.5	19.7	19.03	19.09	4545989	19.5	002532	新界泵业	SZ
271	2/15/12	18.85	19.5	18.66	19.39	4606668	18.85	002532	新界泵业	SZ
272	2/16/12	19.3	19.44	19.01	19.43	3762988	19.3	002532	新界泵业	SZ
273	2/17/12	19.49	19.61	19.05	19.21	3011650	19.49	002532	新界泵业	SZ
274	2/20/12	19.45	19.48	19.12	19.16	3091864	19.45	002532	新界泵业	SZ
275	2/21/12	19.25	19.27	18.73	19.25	2813069	19.25	002532	新界泵业	SZ
276	2/22/12	19.25	19.96	19.2	19.93	6131518	19.25	002532	新界泵业	SZ
277	2/23/12	19.9	19.98	19.53	19.76	4412395	19.9	002532	新界泵业	SZ
278	2/24/12	19.7	20.5	19.62	20.15	5462566	19.7	002532	新界泵业	SZ
279	2/27/12	20.3	20.58	20.02	20.06	5666981	20.3	002532	新界泵业	SZ
280	2/28/12	20.09	21.66	20.0	21.31	9479238	20.09	002532	新界泵业	SZ
281	2/29/12	21.25	21.25	20.48	20.49	5691926	21.25	002532	新界泵业	SZ
282	3/1/12	20.4	20.8	20.25	20.4	3034920	20.4	002532	新界泵业	SZ
283	3/2/12	20.75	21.18	20.5	20.8	4055142	20.75	002532	新界泵业	SZ
284	3/5/12	20.78	21.14	20.48	20.5	3688399	20.78	002532	新界泵业	SZ
285	3/6/12	20.48	20.68	19.92	20.0	3114850	20.48	002532	新界泵业	SZ
286	3/7/12	19.68	19.94	19.48	19.58	2888564	19.68	002532	新界泵业	SZ
287	3/8/12	19.61	19.98	19.6	19.96	2418112	19.61	002532	新界泵业	SZ
288	3/9/12	20.0	20.85	19.92	20.71	5243685	20.0	002532	新界泵业	SZ
289	3/12/12	20.71	20.77	20.35	20.55	2706163	20.71	002532	新界泵业	SZ
290	3/13/12	20.5	20.99	20.48	20.76	3620128	20.5	002532	新界泵业	SZ
291	3/14/12	20.86	20.9	19.31	19.38	4529073	20.86	002532	新界泵业	SZ
292	3/15/12	19.34	19.48	18.0	18.64	3073220	19.34	002532	新界泵业	SZ
293	3/16/12	18.58	19.15	18.48	19.07	2328077	18.58	002532	新界泵业	SZ
294	3/19/12	19.2	20.2	19.07	19.87	3577395	19.2	002532	新界泵业	SZ
295	3/20/12	19.8	19.8	19.13	19.35	2144816	19.8	002532	新界泵业	SZ
296	3/21/12	19.36	19.97	19.28	19.53	2166062	19.36	002532	新界泵业	SZ
297	3/22/12	19.5	20.09	19.17	19.7	3459002	19.5	002532	新界泵业	SZ
298	3/23/12	19.51	19.53	18.8	18.98	2017535	19.51	002532	新界泵业	SZ
299	3/26/12	18.9	19.2	18.5	18.66	1039085	18.9	002532	新界泵业	SZ
300	3/27/12	18.7	18.94	18.32	18.43	1107939	18.7	002532	新界泵业	SZ
301	3/28/12	18.43	18.43	18.43	18.43	0	18.43	002532	新界泵业	SZ
302	3/29/12	17.4	17.9	17.1	17.17	2053177	17.4	002532	新界泵业	SZ
303	3/30/12	17.17	17.48	16.77	17.15	1525488	17.17	002532	新界泵业	SZ
304	4/5/12	17.18	17.65	17.18	17.63	1839398	17.18	002532	新界泵业	SZ
305	4/6/12	17.64	17.88	17.48	17.63	1373667	17.64	002532	新界泵业	SZ
306	4/9/12	17.58	17.59	17.16	17.19	995139	17.58	002532	新界泵业	SZ
307	4/10/12	17.15	17.79	17.02	17.75	1580534	17.15	002532	新界泵业	SZ
308	4/11/12	17.5	18.38	17.32	17.89	1792093	17.5	002532	新界泵业	SZ
309	4/12/12	17.9	18.23	17.65	18.07	1797088	17.9	002532	新界泵业	SZ
310	4/13/12	18.09	18.19	17.89	17.97	1419554	18.09	002532	新界泵业	SZ
311	4/16/12	18.07	18.37	18.01	18.05	1905079	18.07	002532	新界泵业	SZ
312	4/17/12	18.0	18.1	17.69	17.69	1116967	18.0	002532	新界泵业	SZ
313	4/18/12	17.7	17.98	17.43	17.96	1318366	17.7	002532	新界泵业	SZ
314	4/19/12	17.97	18.29	17.86	18.15	1869454	17.97	002532	新界泵业	SZ
315	4/20/12	18.14	18.25	17.9	18.18	1699887	18.14	002532	新界泵业	SZ
316	4/23/12	18.2	18.35	17.53	17.55	2073080	18.2	002532	新界泵业	SZ
317	4/24/12	17.45	17.57	16.77	17.29	1798700	17.45	002532	新界泵业	SZ
318	4/25/12	17.15	17.79	16.8	17.64	2457029	17.15	002532	新界泵业	SZ
319	4/26/12	17.87	17.87	17.45	17.46	1335047	17.87	002532	新界泵业	SZ
320	4/27/12	17.48	17.7	17.27	17.43	711803	17.48	002532	新界泵业	SZ
321	5/2/12	17.64	17.8	17.44	17.76	1446286	17.64	002532	新界泵业	SZ
322	5/3/12	17.76	18.15	17.65	18.07	1999730	17.76	002532	新界泵业	SZ
323	5/4/12	18.1	18.14	17.95	18.07	1752287	18.1	002532	新界泵业	SZ
324	5/7/12	18.07	18.07	18.07	18.07	0	18.07	002532	新界泵业	SZ
325	5/8/12	18.2	18.57	18.2	18.23	2710334	18.2	002532	新界泵业	SZ
326	5/9/12	18.1	18.1	17.6	17.62	1663904	18.1	002532	新界泵业	SZ
327	5/10/12	17.59	17.75	17.45	17.54	1038915	17.59	002532	新界泵业	SZ
328	5/11/12	17.53	18.0	17.46	17.64	1440625	17.53	002532	新界泵业	SZ
329	5/14/12	17.9	18.95	17.79	18.36	4813973	17.9	002532	新界泵业	SZ
330	5/15/12	18.1	18.42	17.85	18.34	2797295	18.1	002532	新界泵业	SZ
331	5/16/12	18.44	18.44	17.63	17.64	2331057	18.44	002532	新界泵业	SZ
332	5/17/12	17.5	17.92	17.41	17.92	1585127	17.5	002532	新界泵业	SZ
333	5/18/12	17.61	17.82	17.55	17.59	1137852	17.61	002532	新界泵业	SZ
334	5/21/12	17.51	17.79	17.5	17.72	1006951	17.51	002532	新界泵业	SZ
335	5/22/12	17.83	18.14	17.74	18.02	1545826	17.83	002532	新界泵业	SZ
336	5/23/12	18.0	18.1	17.62	18.09	1449846	18.0	002532	新界泵业	SZ
337	5/24/12	18.0	18.2	17.85	17.92	1182188	18.0	002532	新界泵业	SZ
338	5/25/12	17.82	18.16	17.57	17.76	1674487	17.82	002532	新界泵业	SZ
339	5/28/12	17.52	18.3	17.06	18.21	2761821	17.52	002532	新界泵业	SZ
340	5/29/12	18.3	18.49	18.07	18.35	3099279	18.3	002532	新界泵业	SZ
341	5/30/12	18.35	18.46	18.21	18.23	2311985	18.35	002532	新界泵业	SZ
342	5/31/12	18.2	18.32	18.06	18.18	1625852	18.2	002532	新界泵业	SZ
343	6/1/12	18.2	19.25	18.07	18.48	3933448	18.2	002532	新界泵业	SZ
344	6/4/12	18.0	18.08	17.66	17.67	2195686	18.0	002532	新界泵业	SZ
345	6/5/12	17.56	17.79	17.51	17.58	1097877	17.56	002532	新界泵业	SZ
346	6/6/12	17.6	17.75	17.35	17.44	925451	17.6	002532	新界泵业	SZ
347	6/7/12	17.56	17.7	17.19	17.25	890523	17.56	002532	新界泵业	SZ
348	6/8/12	17.54	17.55	17.08	17.15	912494	17.54	002532	新界泵业	SZ
349	6/11/12	17.28	17.54	17.19	17.52	854173	17.28	002532	新界泵业	SZ
350	6/12/12	17.51	17.59	17.22	17.5	789582	17.51	002532	新界泵业	SZ
351	6/13/12	17.5	17.5	17.5	17.5	0	17.5	002532	新界泵业	SZ
352	6/14/12	17.7	17.87	17.59	17.65	1824299	17.7	002532	新界泵业	SZ
353	6/15/12	17.68	17.84	17.3	17.8	1361745	17.68	002532	新界泵业	SZ
354	6/18/12	18.01	18.43	17.89	18.1	2371567	18.01	002532	新界泵业	SZ
355	6/19/12	18.09	18.24	17.84	17.98	1480304	18.09	002532	新界泵业	SZ
356	6/20/12	18.03	18.09	17.9	17.95	1004459	18.03	002532	新界泵业	SZ
357	6/21/12	17.9	18.07	17.63	17.79	1031364	17.9	002532	新界泵业	SZ
358	6/25/12	18.07	18.75	17.92	18.02	4483692	18.07	002532	新界泵业	SZ
359	6/26/12	17.65	18.14	17.09	17.88	2555910	17.65	002532	新界泵业	SZ
360	6/27/12	17.92	18.28	17.86	17.93	2580613	17.92	002532	新界泵业	SZ
361	6/28/12	17.98	18.19	17.26	17.31	1900223	17.98	002532	新界泵业	SZ
362	6/29/12	17.19	17.49	17.13	17.4	1275422	17.19	002532	新界泵业	SZ
363	7/2/12	17.53	17.63	17.38	17.47	1077809	17.53	002532	新界泵业	SZ
364	7/3/12	17.45	17.68	17.32	17.57	1066101	17.45	002532	新界泵业	SZ
365	7/4/12	17.59	17.66	17.4	17.43	866680	17.59	002532	新界泵业	SZ
366	7/5/12	17.4	17.49	17.1	17.17	1077430	17.4	002532	新界泵业	SZ
367	7/6/12	17.29	17.5	17.01	17.47	1262615	17.29	002532	新界泵业	SZ
368	7/9/12	17.35	17.45	17.07	17.1	883604	17.35	002532	新界泵业	SZ
369	7/10/12	17.02	17.2	16.75	16.84	839491	17.02	002532	新界泵业	SZ
370	7/11/12	16.9	17.19	16.9	17.05	688058	16.9	002532	新界泵业	SZ
371	7/12/12	17.05	17.37	16.86	17.31	1168841	17.05	002532	新界泵业	SZ
372	7/13/12	17.19	17.34	17.04	17.1	709244	17.19	002532	新界泵业	SZ
373	7/16/12	17.15	17.28	16.31	16.33	1242434	17.15	002532	新界泵业	SZ
374	7/17/12	16.3	16.4	15.9	16.15	1049146	16.3	002532	新界泵业	SZ
375	7/18/12	16.14	16.17	15.66	16.11	1013329	16.14	002532	新界泵业	SZ
376	7/19/12	16.14	16.47	16.0	16.35	860143	16.14	002532	新界泵业	SZ
377	7/20/12	16.28	16.47	16.11	16.12	866244	16.28	002532	新界泵业	SZ
378	7/23/12	17.3	17.55	16.46	16.62	2648935	17.3	002532	新界泵业	SZ
379	7/24/12	16.32	17.07	16.18	16.65	2061767	16.32	002532	新界泵业	SZ
380	7/25/12	16.7	17.64	16.58	17.31	4169012	16.7	002532	新界泵业	SZ
381	7/26/12	17.52	17.78	16.9	16.97	2403301	17.52	002532	新界泵业	SZ
382	7/27/12	16.97	17.04	16.52	16.56	1597761	16.97	002532	新界泵业	SZ
383	7/30/12	16.69	16.74	16.03	16.18	994104	16.69	002532	新界泵业	SZ
384	7/31/12	16.08	16.47	15.83	16.28	870683	16.08	002532	新界泵业	SZ
385	8/1/12	16.22	16.57	16.2	16.4	907722	16.22	002532	新界泵业	SZ
386	8/2/12	16.4	16.45	16.11	16.44	797647	16.4	002532	新界泵业	SZ
387	8/3/12	16.41	16.55	16.32	16.54	938954	16.41	002532	新界泵业	SZ
388	8/6/12	16.45	16.88	16.42	16.86	1404835	16.45	002532	新界泵业	SZ
389	8/7/12	16.86	16.98	16.72	16.91	1318028	16.86	002532	新界泵业	SZ
390	8/8/12	17.07	17.19	16.62	16.69	1698782	17.07	002532	新界泵业	SZ
391	8/9/12	16.7	16.79	16.4	16.77	1671846	16.7	002532	新界泵业	SZ
392	8/10/12	16.76	16.92	16.58	16.6	1045800	16.76	002532	新界泵业	SZ
393	8/13/12	16.53	16.77	16.1	16.18	1118617	16.53	002532	新界泵业	SZ
394	8/14/12	16.09	16.36	15.95	16.32	1148317	16.09	002532	新界泵业	SZ
395	8/15/12	16.36	16.36	15.97	16.05	710988	16.36	002532	新界泵业	SZ
396	8/16/12	15.98	16.22	15.88	15.92	778401	15.98	002532	新界泵业	SZ
397	8/17/12	15.86	16.11	15.86	16.07	642015	15.86	002532	新界泵业	SZ
398	8/20/12	16.05	16.09	15.85	16.06	453010	16.05	002532	新界泵业	SZ
399	8/21/12	16.0	16.31	16.0	16.22	833967	16.0	002532	新界泵业	SZ
400	8/22/12	16.23	16.38	16.06	16.12	796306	16.23	002532	新界泵业	SZ
401	8/23/12	16.09	16.25	16.04	16.16	662054	16.09	002532	新界泵业	SZ
402	8/24/12	16.1	16.15	15.82	15.85	779662	16.1	002532	新界泵业	SZ
403	8/27/12	15.75	15.75	15.11	15.13	907245	15.75	002532	新界泵业	SZ
404	8/28/12	15.14	15.3	14.98	15.18	714930	15.14	002532	新界泵业	SZ
405	8/29/12	15.06	15.59	15.05	15.48	1236597	15.06	002532	新界泵业	SZ
406	8/30/12	15.33	15.51	14.84	14.96	1095464	15.33	002532	新界泵业	SZ
407	8/31/12	14.9	15.07	14.8	15.0	429253	14.9	002532	新界泵业	SZ
408	9/3/12	15.0	15.25	14.88	15.22	630085	15.0	002532	新界泵业	SZ
409	9/4/12	15.22	15.25	15.0	15.12	531581	15.22	002532	新界泵业	SZ
410	9/5/12	15.08	15.22	14.91	15.1	421151	15.08	002532	新界泵业	SZ
411	9/6/12	15.1	15.3	15.1	15.28	556247	15.1	002532	新界泵业	SZ
412	9/7/12	15.35	15.97	15.35	15.83	2072267	15.35	002532	新界泵业	SZ
413	9/10/12	16.11	16.18	15.83	15.91	1377666	16.11	002532	新界泵业	SZ
414	9/11/12	15.82	15.91	15.66	15.77	869502	15.82	002532	新界泵业	SZ
415	9/12/12	15.83	16.09	15.77	15.95	865887	15.83	002532	新界泵业	SZ
416	9/13/12	15.94	16.09	15.62	15.62	722701	15.94	002532	新界泵业	SZ
417	9/14/12	15.65	15.91	15.56	15.7	679209	15.65	002532	新界泵业	SZ
418	9/17/12	15.7	15.7	15.12	15.12	628730	15.7	002532	新界泵业	SZ
419	9/18/12	15.01	15.12	14.91	15.02	402633	15.01	002532	新界泵业	SZ
420	9/19/12	15.32	15.32	14.95	15.07	288497	15.32	002532	新界泵业	SZ
421	9/20/12	15.1	15.22	14.66	14.7	695360	15.1	002532	新界泵业	SZ
422	9/21/12	14.69	14.69	14.17	14.19	746018	14.69	002532	新界泵业	SZ
423	9/24/12	14.33	14.33	14.06	14.19	669827	14.33	002532	新界泵业	SZ
424	9/25/12	14.19	14.24	13.82	13.82	656016	14.19	002532	新界泵业	SZ
425	9/26/12	13.94	13.94	13.02	13.17	1057018	13.94	002532	新界泵业	SZ
426	9/27/12	13.17	13.68	13.17	13.45	860369	13.17	002532	新界泵业	SZ
427	9/28/12	13.5	13.75	13.4	13.72	686191	13.5	002532	新界泵业	SZ
428	10/8/12	13.8	13.85	13.57	13.84	726747	13.8	002532	新界泵业	SZ
429	10/9/12	14.08	14.6	13.87	14.37	1432904	14.08	002532	新界泵业	SZ
430	10/10/12	14.35	14.47	14.15	14.38	984612	14.35	002532	新界泵业	SZ
431	10/11/12	14.37	14.37	14.1	14.12	850595	14.37	002532	新界泵业	SZ
432	10/12/12	14.14	14.3	13.81	13.95	796843	14.14	002532	新界泵业	SZ
433	10/15/12	14.01	14.09	13.61	13.72	545724	14.01	002532	新界泵业	SZ
434	10/16/12	13.78	14.13	13.7	13.9	760879	13.78	002532	新界泵业	SZ
435	10/17/12	13.9	13.99	13.63	13.76	491287	13.9	002532	新界泵业	SZ
436	10/18/12	13.88	14.08	13.77	14.03	675101	13.88	002532	新界泵业	SZ
437	10/19/12	14.08	14.13	13.87	14.13	714801	14.08	002532	新界泵业	SZ
438	10/22/12	14.1	14.22	13.92	14.18	596925	14.1	002532	新界泵业	SZ
439	10/23/12	14.18	14.3	13.98	14.0	711584	14.18	002532	新界泵业	SZ
440	10/24/12	14.0	14.27	13.81	14.09	923752	14.0	002532	新界泵业	SZ
441	10/25/12	14.12	14.26	13.86	13.86	726741	14.12	002532	新界泵业	SZ
442	10/26/12	13.8	13.94	13.45	13.45	706153	13.8	002532	新界泵业	SZ
443	10/29/12	13.44	13.53	13.35	13.46	284910	13.44	002532	新界泵业	SZ
444	10/30/12	13.5	13.64	13.46	13.49	354740	13.5	002532	新界泵业	SZ
445	10/31/12	13.64	14.8	13.64	14.3	3076286	13.64	002532	新界泵业	SZ
446	11/1/12	14.59	15.41	14.57	14.96	5067811	14.59	002532	新界泵业	SZ
447	11/2/12	14.71	14.98	14.56	14.93	2833277	14.71	002532	新界泵业	SZ
448	11/5/12	14.91	15.09	14.52	14.72	2217564	14.91	002532	新界泵业	SZ
449	11/6/12	14.73	15.48	14.62	15.37	4562757	14.73	002532	新界泵业	SZ
450	11/7/12	15.24	15.37	14.83	15.0	2347574	15.24	002532	新界泵业	SZ
451	11/8/12	14.8	14.8	14.2	14.26	2065574	14.8	002532	新界泵业	SZ
452	11/9/12	14.26	15.69	14.25	15.69	8076632	14.26	002532	新界泵业	SZ
453	11/12/12	15.86	16.5	15.47	16.07	10087981	15.86	002532	新界泵业	SZ
454	11/13/12	15.99	16.2	15.51	15.53	5404422	15.99	002532	新界泵业	SZ
455	11/14/12	15.33	15.55	15.01	15.5	3997504	15.33	002532	新界泵业	SZ
456	11/15/12	15.35	15.68	14.94	15.03	3296641	15.35	002532	新界泵业	SZ
457	11/16/12	14.95	15.36	14.68	15.21	2911541	14.95	002532	新界泵业	SZ
458	11/19/12	15.04	16.21	14.92	15.99	5736053	15.04	002532	新界泵业	SZ
459	11/20/12	16.24	16.76	15.62	15.65	6762415	16.24	002532	新界泵业	SZ
460	11/21/12	15.45	16.75	15.4	16.37	6453431	15.45	002532	新界泵业	SZ
461	11/22/12	16.28	16.58	16.03	16.5	3827525	16.28	002532	新界泵业	SZ
462	11/23/12	16.52	17.37	16.21	16.82	7294989	16.52	002532	新界泵业	SZ
463	11/26/12	16.59	16.67	16.11	16.22	3890398	16.59	002532	新界泵业	SZ
464	11/27/12	16.1	16.33	15.51	15.89	3643106	16.1	002532	新界泵业	SZ
465	11/28/12	15.64	16.18	15.51	15.68	3203857	15.64	002532	新界泵业	SZ
466	11/29/12	15.7	15.95	15.22	15.27	3225260	15.7	002532	新界泵业	SZ
467	11/30/12	15.16	15.68	15.15	15.58	2650280	15.16	002532	新界泵业	SZ
468	12/3/12	15.52	16.29	15.36	15.76	3202670	15.52	002532	新界泵业	SZ
469	12/4/12	15.41	15.71	14.3	15.07	4258873	15.41	002532	新界泵业	SZ
470	12/5/12	14.89	16.0	14.71	15.67	3988646	14.89	002532	新界泵业	SZ
471	12/6/12	15.6	16.2	15.51	16.15	4680958	15.6	002532	新界泵业	SZ
472	12/7/12	16.0	16.95	15.93	16.42	6555720	16.0	002532	新界泵业	SZ
473	12/10/12	16.45	17.27	16.04	16.86	6471769	16.45	002532	新界泵业	SZ
474	12/11/12	16.7	16.79	16.3	16.3	3694483	16.7	002532	新界泵业	SZ
475	12/12/12	16.1	16.6	15.98	16.32	2757692	16.1	002532	新界泵业	SZ
476	12/13/12	16.34	16.72	16.21	16.31	3232230	16.34	002532	新界泵业	SZ
477	12/14/12	16.42	17.12	16.38	16.94	5256894	16.42	002532	新界泵业	SZ
478	12/17/12	17.45	17.45	16.54	16.61	4295123	17.45	002532	新界泵业	SZ
479	12/18/12	16.5	17.05	16.35	16.49	3866354	16.5	002532	新界泵业	SZ
480	12/19/12	16.54	16.66	16.2	16.43	2411422	16.54	002532	新界泵业	SZ
481	12/20/12	16.28	17.0	16.22	17.0	3793208	16.28	002532	新界泵业	SZ
482	12/21/12	17.01	17.32	16.76	17.0	4134833	17.01	002532	新界泵业	SZ
483	12/24/12	17.09	17.19	16.81	16.9	2070909	17.09	002532	新界泵业	SZ
484	12/25/12	16.9	17.64	16.87	17.56	5710316	16.9	002532	新界泵业	SZ
485	12/26/12	17.41	17.77	17.3	17.64	3908694	17.41	002532	新界泵业	SZ
486	12/27/12	17.59	17.82	17.1	17.11	3429738	17.59	002532	新界泵业	SZ
487	12/28/12	17.11	17.25	16.88	17.13	2369890	17.11	002532	新界泵业	SZ
488	12/31/12	17.14	17.27	16.87	16.92	2394067	17.14	002532	新界泵业	SZ
489	1/4/13	16.96	17.32	16.75	17.32	3125352	16.96	002532	新界泵业	SZ
490	1/7/13	17.32	17.65	17.02	17.57	2962672	17.32	002532	新界泵业	SZ
491	1/8/13	17.52	18.15	17.3	17.78	4499275	17.52	002532	新界泵业	SZ
492	1/9/13	17.64	18.0	17.4	17.66	2550171	17.64	002532	新界泵业	SZ
493	1/10/13	17.5	17.8	17.3	17.44	2233662	17.5	002532	新界泵业	SZ
494	1/11/13	17.36	17.62	17.0	17.0	1758420	17.36	002532	新界泵业	SZ
495	1/14/13	17.0	17.67	16.71	17.6	2684518	17.0	002532	新界泵业	SZ
496	1/15/13	17.58	18.1	17.58	17.83	3858000	17.58	002532	新界泵业	SZ
497	1/16/13	17.83	18.0	17.3	17.59	2281138	17.83	002532	新界泵业	SZ
498	1/17/13	17.6	17.67	17.25	17.31	1565723	17.6	002532	新界泵业	SZ
499	1/18/13	17.49	18.08	17.41	17.99	3476590	17.49	002532	新界泵业	SZ
500	1/21/13	18.1	18.5	17.8	18.33	4014040	18.1	002532	新界泵业	SZ
501	1/22/13	18.2	18.26	17.5	17.86	2910418	18.2	002532	新界泵业	SZ
502	1/23/13	17.86	18.0	17.55	17.99	1948923	17.86	002532	新界泵业	SZ
503	1/24/13	18.2	18.81	17.6	17.7	4035703	18.2	002532	新界泵业	SZ
504	1/25/13	17.56	17.75	17.3	17.36	1965472	17.56	002532	新界泵业	SZ
505	1/28/13	17.41	17.97	17.41	17.94	2334827	17.41	002532	新界泵业	SZ
506	1/29/13	17.99	18.0	17.76	17.88	2012487	17.99	002532	新界泵业	SZ
507	1/30/13	17.88	17.9	17.49	17.67	2179446	17.88	002532	新界泵业	SZ
508	1/31/13	17.67	17.74	17.37	17.74	1446794	17.67	002532	新界泵业	SZ
509	2/1/13	17.9	17.9	17.49	17.54	2322778	17.9	002532	新界泵业	SZ
510	2/4/13	17.55	17.62	16.75	16.79	3841154	17.55	002532	新界泵业	SZ
511	2/5/13	16.8	17.08	16.61	17.02	1474220	16.8	002532	新界泵业	SZ
512	2/6/13	16.94	17.12	16.83	16.88	1688717	16.94	002532	新界泵业	SZ
513	2/7/13	16.86	17.12	16.86	17.04	1349287	16.86	002532	新界泵业	SZ
514	2/8/13	17.0	17.36	16.97	17.31	1539094	17.0	002532	新界泵业	SZ
515	2/18/13	17.45	17.79	17.36	17.63	2513615	17.45	002532	新界泵业	SZ
516	2/19/13	17.72	17.72	17.27	17.33	1783129	17.72	002532	新界泵业	SZ
517	2/20/13	17.36	18.18	17.36	18.04	4412212	17.36	002532	新界泵业	SZ
518	2/21/13	17.89	18.01	17.57	17.88	3106338	17.89	002532	新界泵业	SZ
519	2/22/13	17.95	18.2	17.35	17.42	3327604	17.95	002532	新界泵业	SZ
520	2/25/13	17.5	18.33	17.5	18.19	5095007	17.5	002532	新界泵业	SZ
521	2/26/13	18.01	18.47	17.9	18.09	4573842	18.01	002532	新界泵业	SZ
522	2/27/13	18.11	18.3	17.66	17.84	2360555	18.11	002532	新界泵业	SZ
523	2/28/13	18.02	18.57	17.81	18.4	4283296	18.02	002532	新界泵业	SZ
524	3/1/13	18.4	18.73	18.3	18.72	4103472	18.4	002532	新界泵业	SZ
525	3/4/13	18.76	19.25	18.12	18.4	6072643	18.76	002532	新界泵业	SZ
526	3/5/13	18.5	18.63	17.85	18.5	2847673	18.5	002532	新界泵业	SZ
527	3/6/13	18.5	18.66	18.3	18.58	3086567	18.5	002532	新界泵业	SZ
528	3/7/13	18.58	18.89	18.07	18.5	3040756	18.58	002532	新界泵业	SZ
529	3/8/13	18.46	18.79	18.0	18.18	1900430	18.46	002532	新界泵业	SZ
530	3/11/13	18.22	18.3	17.9	18.0	1465718	18.22	002532	新界泵业	SZ
531	3/12/13	18.18	18.3	17.15	17.4	2378828	18.18	002532	新界泵业	SZ
532	3/13/13	17.24	17.39	16.82	17.35	1682662	17.24	002532	新界泵业	SZ
533	3/14/13	17.26	17.49	17.18	17.19	1140768	17.26	002532	新界泵业	SZ
534	3/15/13	17.2	17.45	17.01	17.07	1428965	17.2	002532	新界泵业	SZ
535	3/18/13	17.05	17.29	16.95	17.06	1210674	17.05	002532	新界泵业	SZ
536	3/19/13	17.14	17.86	17.14	17.54	2256380	17.14	002532	新界泵业	SZ
537	3/20/13	17.34	17.79	17.25	17.76	2041083	17.34	002532	新界泵业	SZ
538	3/21/13	17.7	18.13	17.69	17.81	2342987	17.7	002532	新界泵业	SZ
539	3/22/13	17.69	18.0	17.55	17.73	1296714	17.69	002532	新界泵业	SZ
540	3/25/13	17.73	17.85	17.52	17.68	1864849	17.73	002532	新界泵业	SZ
541	3/26/13	17.6	17.7	17.16	17.31	1511970	17.6	002532	新界泵业	SZ
542	3/27/13	17.32	17.45	17.01	17.06	1458625	17.32	002532	新界泵业	SZ
543	3/28/13	17.06	17.07	16.41	16.42	1888775	17.06	002532	新界泵业	SZ
544	3/29/13	16.42	16.6	16.32	16.41	964081	16.42	002532	新界泵业	SZ
545	4/1/13	16.38	16.76	16.31	16.72	1150760	16.38	002532	新界泵业	SZ
546	4/2/13	16.85	17.08	16.48	16.49	1374972	16.85	002532	新界泵业	SZ
547	4/3/13	16.49	16.7	15.1	16.02	1214011	16.49	002532	新界泵业	SZ
548	4/8/13	15.6	15.96	15.55	15.94	846914	15.6	002532	新界泵业	SZ
549	4/9/13	16.05	16.19	15.95	16.1	587613	16.05	002532	新界泵业	SZ
550	4/10/13	16.12	16.12	15.71	15.89	670979	16.12	002532	新界泵业	SZ
551	4/11/13	15.89	16.11	15.84	15.9	590956	15.89	002532	新界泵业	SZ
552	4/12/13	16.0	16.17	15.89	15.93	887982	16.0	002532	新界泵业	SZ
553	4/15/13	15.96	15.96	15.57	15.65	615377	15.96	002532	新界泵业	SZ
554	4/16/13	15.2	15.74	15.12	15.74	574219	15.2	002532	新界泵业	SZ
555	4/17/13	15.62	15.85	15.56	15.85	513132	15.62	002532	新界泵业	SZ
556	4/18/13	15.78	16.13	15.62	16.03	1046569	15.78	002532	新界泵业	SZ
557	4/19/13	16.17	16.71	16.1	16.68	1843326	16.17	002532	新界泵业	SZ
558	4/22/13	16.4	16.79	16.4	16.64	1376147	16.4	002532	新界泵业	SZ
559	4/23/13	16.7	16.74	16.0	16.07	1081113	16.7	002532	新界泵业	SZ
560	4/24/13	15.86	16.38	15.86	16.26	810765	15.86	002532	新界泵业	SZ
561	4/25/13	16.48	16.83	16.37	16.72	2058029	16.48	002532	新界泵业	SZ
562	4/26/13	16.76	16.88	16.52	16.58	1152396	16.76	002532	新界泵业	SZ
563	5/2/13	16.55	16.74	16.45	16.71	913571	16.55	002532	新界泵业	SZ
564	5/3/13	16.71	16.94	16.61	16.85	1375650	16.71	002532	新界泵业	SZ
565	5/6/13	16.86	17.09	16.77	17.0	1369389	16.86	002532	新界泵业	SZ
566	5/7/13	17.0	17.02	16.75	16.85	1187624	17.0	002532	新界泵业	SZ
567	5/8/13	16.89	16.98	16.67	16.96	1373601	16.89	002532	新界泵业	SZ
568	5/9/13	17.06	17.09	16.83	17.07	1697905	17.06	002532	新界泵业	SZ
569	5/10/13	17.05	17.58	16.93	17.5	2820024	17.05	002532	新界泵业	SZ
570	5/13/13	17.5	17.5	17.21	17.37	1705900	17.5	002532	新界泵业	SZ
571	5/14/13	17.24	17.49	16.8	17.0	1390606	17.24	002532	新界泵业	SZ
572	5/15/13	16.98	17.45	16.98	17.37	1212615	16.98	002532	新界泵业	SZ
573	5/16/13	17.36	17.84	17.2	17.71	2487058	17.36	002532	新界泵业	SZ
574	5/17/13	17.53	17.9	17.53	17.9	2397634	17.53	002532	新界泵业	SZ
575	5/20/13	18.0	18.67	18.0	18.04	4213507	18.0	002532	新界泵业	SZ
576	5/21/13	18.0	18.3	17.8	18.26	3017157	18.0	002532	新界泵业	SZ
577	5/22/13	18.12	18.35	17.8	17.82	2482608	18.12	002532	新界泵业	SZ
578	5/23/13	17.8	17.8	17.42	17.5	1999935	17.8	002532	新界泵业	SZ
579	5/24/13	17.61	17.85	17.44	17.85	1331933	17.61	002532	新界泵业	SZ
580	5/27/13	17.86	18.06	17.7	18.0	1600501	17.86	002532	新界泵业	SZ
581	5/28/13	18.0	18.0	17.59	17.8	1313209	18.0	002532	新界泵业	SZ
582	5/29/13	17.8	18.08	17.8	18.06	1590388	17.8	002532	新界泵业	SZ
583	5/30/13	17.99	18.38	17.82	18.12	1757434	17.99	002532	新界泵业	SZ
584	5/31/13	18.14	18.2	17.75	17.82	1607145	18.14	002532	新界泵业	SZ
585	6/3/13	17.75	17.93	17.33	17.38	1157220	17.75	002532	新界泵业	SZ
586	6/4/13	17.31	17.55	17.22	17.42	1100006	17.31	002532	新界泵业	SZ
587	6/5/13	17.5	17.56	17.29	17.52	726673	17.5	002532	新界泵业	SZ
588	6/6/13	17.46	17.5	17.15	17.2	876272	17.46	002532	新界泵业	SZ
589	6/7/13	17.18	17.54	16.86	16.97	872703	17.18	002532	新界泵业	SZ
590	6/13/13	16.5	16.58	16.0	16.39	784849	16.5	002532	新界泵业	SZ
591	6/14/13	16.54	17.34	16.4	17.25	1428793	16.54	002532	新界泵业	SZ
592	6/17/13	17.34	17.61	17.12	17.35	1137601	17.34	002532	新界泵业	SZ
593	6/18/13	17.48	17.48	17.08	17.16	485936	17.48	002532	新界泵业	SZ
594	6/19/13	17.05	17.75	17.02	17.59	1213756	17.05	002532	新界泵业	SZ
595	6/20/13	17.59	17.9	17.25	17.29	1014692	17.59	002532	新界泵业	SZ
596	6/21/13	16.2	17.3	16.2	17.13	660650	16.2	002532	新界泵业	SZ
597	6/24/13	16.5	17.3	16.01	16.28	666225	16.5	002532	新界泵业	SZ
598	6/25/13	16.22	16.5	14.66	16.31	933881	16.22	002532	新界泵业	SZ
599	6/26/13	16.16	16.75	16.1	16.7	924902	16.16	002532	新界泵业	SZ
600	6/27/13	16.69	16.99	16.69	16.91	931259	16.69	002532	新界泵业	SZ
601	6/28/13	16.7	17.03	16.7	16.76	422678	16.7	002532	新界泵业	SZ
602	7/1/13	16.55	17.0	16.55	16.99	599072	16.55	002532	新界泵业	SZ
603	7/2/13	17.11	17.12	16.81	16.95	551620	17.11	002532	新界泵业	SZ
604	7/3/13	16.88	17.26	16.0	17.2	1168078	16.88	002532	新界泵业	SZ
605	7/4/13	16.95	17.75	16.8	17.49	1595399	16.95	002532	新界泵业	SZ
606	7/5/13	17.4	17.51	17.17	17.18	765252	17.4	002532	新界泵业	SZ
607	7/8/13	17.15	17.15	16.72	16.72	845271	17.15	002532	新界泵业	SZ
608	7/9/13	16.53	16.89	16.35	16.6	518246	16.53	002532	新界泵业	SZ
609	7/10/13	16.78	17.15	16.7	17.09	716557	16.78	002532	新界泵业	SZ
610	7/11/13	17.15	17.54	17.05	17.52	1468948	17.15	002532	新界泵业	SZ
611	7/12/13	17.56	18.02	17.26	17.45	1964506	17.56	002532	新界泵业	SZ
612	7/15/13	17.57	17.99	17.37	17.9	1482198	17.57	002532	新界泵业	SZ
613	7/16/13	17.81	18.25	17.81	18.08	2034449	17.81	002532	新界泵业	SZ
614	7/17/13	18.01	18.18	17.77	17.89	1252468	18.01	002532	新界泵业	SZ
615	7/18/13	17.85	18.05	17.47	17.59	1327637	17.85	002532	新界泵业	SZ
616	7/19/13	17.78	17.89	17.44	17.46	1004818	17.78	002532	新界泵业	SZ
617	7/22/13	17.33	18.5	17.12	18.5	2841337	17.33	002532	新界泵业	SZ
618	7/23/13	18.47	18.71	18.3	18.65	2672272	18.47	002532	新界泵业	SZ
619	7/24/13	18.65	18.85	18.37	18.65	2446287	18.65	002532	新界泵业	SZ
620	7/25/13	18.56	18.73	17.73	17.87	1996677	18.56	002532	新界泵业	SZ
621	7/26/13	17.62	18.18	17.62	17.97	983378	17.62	002532	新界泵业	SZ
622	7/29/13	18.16	18.16	17.7	17.85	1575549	18.16	002532	新界泵业	SZ
623	7/30/13	17.76	18.91	17.3	18.58	4515806	17.76	002532	新界泵业	SZ
624	7/31/13	18.92	19.24	18.46	18.58	4803658	18.92	002532	新界泵业	SZ
625	8/1/13	18.8	19.15	18.6	19.14	5141674	18.8	002532	新界泵业	SZ
626	8/2/13	19.0	19.14	18.75	18.81	3455435	19.0	002532	新界泵业	SZ
627	8/5/13	19.0	19.59	18.87	19.3	3884963	19.0	002532	新界泵业	SZ
628	8/6/13	19.47	19.47	18.71	19.0	4449629	19.47	002532	新界泵业	SZ
629	8/7/13	18.82	19.48	18.56	19.02	4339786	18.82	002532	新界泵业	SZ
630	8/8/13	18.87	18.97	18.4	18.56	2986329	18.87	002532	新界泵业	SZ
631	8/9/13	18.66	18.73	18.15	18.5	2689879	18.66	002532	新界泵业	SZ
632	8/12/13	18.73	18.85	18.55	18.7	2745902	18.73	002532	新界泵业	SZ
633	8/13/13	18.7	19.07	18.52	19.03	2483229	18.7	002532	新界泵业	SZ
634	8/14/13	19.0	19.04	18.39	18.5	2281283	19.0	002532	新界泵业	SZ
635	8/15/13	18.44	18.7	18.11	18.52	3396023	18.44	002532	新界泵业	SZ
636	8/16/13	18.35	18.6	17.6	17.68	2515166	18.35	002532	新界泵业	SZ
637	8/19/13	17.6	17.92	17.51	17.89	1699455	17.6	002532	新界泵业	SZ
638	8/20/13	17.88	18.54	17.88	18.52	2576172	17.88	002532	新界泵业	SZ
639	8/21/13	18.4	18.47	18.25	18.38	933444	18.4	002532	新界泵业	SZ
640	8/22/13	18.25	18.49	18.18	18.18	1015495	18.25	002532	新界泵业	SZ
641	8/23/13	18.27	18.52	17.78	18.11	1485631	18.27	002532	新界泵业	SZ
642	8/26/13	18.1	18.28	18.0	18.21	1498079	18.1	002532	新界泵业	SZ
643	8/27/13	18.21	18.71	18.11	18.7	2205772	18.21	002532	新界泵业	SZ
644	8/28/13	18.59	19.25	18.34	19.0	4317554	18.59	002532	新界泵业	SZ
645	8/29/13	19.0	19.4	18.81	19.04	3566133	19.0	002532	新界泵业	SZ
646	8/30/13	19.05	19.21	18.66	18.8	2008990	19.05	002532	新界泵业	SZ
647	9/2/13	18.6	19.29	18.58	19.23	2588121	18.6	002532	新界泵业	SZ
648	9/3/13	19.27	20.18	19.27	19.87	4306874	19.27	002532	新界泵业	SZ
649	9/4/13	19.74	20.45	19.59	20.3	4304346	19.74	002532	新界泵业	SZ
650	9/5/13	20.21	20.21	19.75	19.86	2383276	20.21	002532	新界泵业	SZ
651	9/6/13	19.83	20.19	19.44	20.01	2299249	19.83	002532	新界泵业	SZ
652	9/9/13	19.98	19.98	19.44	19.61	2159580	19.98	002532	新界泵业	SZ
653	9/10/13	19.58	19.78	19.16	19.38	1853778	19.58	002532	新界泵业	SZ
654	9/11/13	19.31	19.45	18.61	18.79	3287976	19.31	002532	新界泵业	SZ
655	9/12/13	18.79	18.97	18.6	18.75	1423048	18.79	002532	新界泵业	SZ
656	9/13/13	18.78	19.0	18.67	19.0	1102031	18.78	002532	新界泵业	SZ
657	9/16/13	19.07	19.09	18.67	18.79	1326748	19.07	002532	新界泵业	SZ
658	9/17/13	18.93	19.23	18.7	18.7	1575221	18.93	002532	新界泵业	SZ
659	9/18/13	18.63	19.2	18.54	19.2	1461763	18.63	002532	新界泵业	SZ
660	9/23/13	19.3	19.46	18.99	19.2	2251462	19.3	002532	新界泵业	SZ
661	9/24/13	19.22	19.54	19.0	19.39	2477714	19.22	002532	新界泵业	SZ
662	9/25/13	19.31	19.38	18.62	18.7	1928177	19.31	002532	新界泵业	SZ
663	9/26/13	18.7	18.75	18.06	18.11	1668754	18.7	002532	新界泵业	SZ
664	9/27/13	18.1	18.35	17.93	18.03	826943	18.1	002532	新界泵业	SZ
665	9/30/13	18.11	18.33	18.11	18.25	588057	18.11	002532	新界泵业	SZ
666	10/8/13	18.35	18.8	18.26	18.73	1243928	18.35	002532	新界泵业	SZ
667	10/9/13	18.73	18.8	18.45	18.65	1415864	18.73	002532	新界泵业	SZ
668	10/10/13	18.64	18.64	18.23	18.28	1557054	18.64	002532	新界泵业	SZ
669	10/11/13	18.32	18.62	18.31	18.54	1304762	18.32	002532	新界泵业	SZ
670	10/14/13	18.6	19.5	18.54	19.37	4050008	18.6	002532	新界泵业	SZ
671	10/15/13	19.37	19.8	19.02	19.46	2779010	19.37	002532	新界泵业	SZ
672	10/16/13	19.26	19.39	18.78	18.88	1595907	19.26	002532	新界泵业	SZ
673	10/17/13	19.35	20.6	19.35	19.81	5374374	19.35	002532	新界泵业	SZ
674	10/18/13	19.65	20.19	19.57	19.75	2130440	19.65	002532	新界泵业	SZ
675	10/21/13	19.73	20.37	19.41	20.2	2474511	19.73	002532	新界泵业	SZ
676	10/22/13	20.24	20.94	20.04	20.41	2825300	20.24	002532	新界泵业	SZ
677	10/23/13	20.55	20.8	19.38	19.79	2100986	20.55	002532	新界泵业	SZ
678	10/24/13	19.8	20.71	19.7	20.06	2627546	19.8	002532	新界泵业	SZ
679	10/25/13	20.11	20.11	19.4	19.51	1301166	20.11	002532	新界泵业	SZ
680	10/28/13	19.65	19.98	19.2	19.37	1456790	19.65	002532	新界泵业	SZ
681	10/29/13	19.19	19.58	17.95	18.65	1895740	19.19	002532	新界泵业	SZ
682	10/30/13	18.7	19.08	18.5	19.01	918667	18.7	002532	新界泵业	SZ
683	10/31/13	18.87	19.5	18.86	19.18	1120229	18.87	002532	新界泵业	SZ
684	11/1/13	19.13	19.32	18.88	19.18	708288	19.13	002532	新界泵业	SZ
685	11/4/13	19.35	19.87	19.2	19.62	1170397	19.35	002532	新界泵业	SZ
686	11/5/13	19.6	20.08	19.3	20.01	1915979	19.6	002532	新界泵业	SZ
687	11/6/13	20.0	20.0	19.55	19.62	1102635	20.0	002532	新界泵业	SZ
688	11/7/13	19.6	19.6	19.05	19.17	1062885	19.6	002532	新界泵业	SZ
689	11/8/13	19.01	19.13	18.56	18.7	1335999	19.01	002532	新界泵业	SZ
690	11/11/13	18.7	19.17	18.56	19.07	691370	18.7	002532	新界泵业	SZ
691	11/12/13	19.29	19.85	19.08	19.75	1399866	19.29	002532	新界泵业	SZ
692	11/13/13	19.75	19.86	19.27	19.27	1031427	19.75	002532	新界泵业	SZ
693	11/14/13	19.2	20.8	19.2	20.74	4138349	19.2	002532	新界泵业	SZ
694	11/15/13	20.82	21.2	20.51	20.8	4024059	20.82	002532	新界泵业	SZ
695	11/18/13	20.8	21.59	20.7	20.8	4099164	20.8	002532	新界泵业	SZ
696	11/19/13	20.88	21.84	20.76	21.28	3792465	20.88	002532	新界泵业	SZ
697	11/20/13	21.19	21.4	20.69	21.24	2996267	21.19	002532	新界泵业	SZ
698	11/21/13	21.05	21.08	20.6	20.63	2322160	21.05	002532	新界泵业	SZ
699	11/22/13	20.7	21.94	20.7	21.64	4303512	20.7	002532	新界泵业	SZ
700	11/25/13	21.45	22.16	21.4	21.91	3795572	21.45	002532	新界泵业	SZ
701	11/26/13	21.92	22.16	21.45	21.66	2385500	21.92	002532	新界泵业	SZ
702	11/27/13	21.6	22.1	21.52	21.78	1907674	21.6	002532	新界泵业	SZ
703	11/28/13	21.78	22.44	21.7	22.24	3137216	21.78	002532	新界泵业	SZ
704	11/29/13	22.28	23.51	22.13	23.16	5189522	22.28	002532	新界泵业	SZ
705	12/2/13	22.11	22.85	20.84	20.84	4968581	22.11	002532	新界泵业	SZ
706	12/3/13	20.47	22.22	20.37	22.22	3235964	20.47	002532	新界泵业	SZ
707	12/4/13	22.21	24.44	22.1	23.54	6011484	22.21	002532	新界泵业	SZ
708	12/5/13	23.45	24.44	23.15	23.7	4023642	23.45	002532	新界泵业	SZ
709	12/6/13	23.52	24.03	22.89	23.35	2558232	23.52	002532	新界泵业	SZ
710	12/9/13	23.38	25.15	23.38	24.59	5371730	23.38	002532	新界泵业	SZ
711	12/10/13	24.8	24.8	24.11	24.5	3003612	24.8	002532	新界泵业	SZ
712	12/11/13	24.31	24.57	23.45	23.89	3012857	24.31	002532	新界泵业	SZ
713	12/12/13	24.06	24.8	23.7	23.88	3276495	24.06	002532	新界泵业	SZ
714	12/13/13	23.5	25.0	23.3	24.35	3969983	23.5	002532	新界泵业	SZ
715	12/16/13	24.59	24.59	23.4	23.49	3331168	24.59	002532	新界泵业	SZ
716	12/17/13	23.4	23.53	22.12	22.5	3502613	23.4	002532	新界泵业	SZ
717	12/18/13	22.53	22.78	22.2	22.49	1583080	22.53	002532	新界泵业	SZ
718	12/19/13	22.7	23.25	22.39	22.66	1698079	22.7	002532	新界泵业	SZ
719	12/20/13	22.75	22.8	22.06	22.34	1442158	22.75	002532	新界泵业	SZ
720	12/23/13	22.49	22.77	22.23	22.36	1870444	22.49	002532	新界泵业	SZ
721	12/24/13	22.48	23.27	22.3	23.04	2446171	22.48	002532	新界泵业	SZ
722	12/25/13	23.18	23.98	23.04	23.9	3443308	23.18	002532	新界泵业	SZ
723	12/26/13	23.81	23.88	22.8	22.8	2654383	23.81	002532	新界泵业	SZ
724	12/27/13	22.6	23.26	21.12	23.0	3892392	22.6	002532	新界泵业	SZ
725	12/30/13	23.0	23.78	22.69	22.91	3030892	23.0	002532	新界泵业	SZ
726	12/31/13	22.86	23.58	22.0	22.96	1757163	22.86	002532	新界泵业	SZ
727	1/2/14	22.96	23.77	22.96	23.67	2133521	22.96	002532	新界泵业	SZ
728	1/3/14	23.67	24.18	23.32	23.88	2495112	23.67	002532	新界泵业	SZ
729	1/6/14	23.92	24.3	23.14	23.3	2165326	23.92	002532	新界泵业	SZ
730	1/7/14	23.23	23.23	22.5	22.95	1512752	23.23	002532	新界泵业	SZ
731	1/8/14	23.12	23.22	22.13	22.78	2283267	23.12	002532	新界泵业	SZ
732	1/9/14	22.77	22.94	22.22	22.22	1488305	22.77	002532	新界泵业	SZ
733	1/10/14	22.15	22.44	21.75	22.38	1176679	22.15	002532	新界泵业	SZ
734	1/13/14	22.3	22.7	22.2	22.46	622651	22.3	002532	新界泵业	SZ
735	1/14/14	22.53	23.0	22.21	22.99	944899	22.53	002532	新界泵业	SZ
736	1/15/14	22.89	23.35	22.75	23.14	957209	22.89	002532	新界泵业	SZ
737	1/16/14	23.14	23.55	22.91	22.95	1090912	23.14	002532	新界泵业	SZ
738	1/17/14	22.89	22.89	22.2	22.22	1226825	22.89	002532	新界泵业	SZ
739	1/20/14	22.23	22.5	22.05	22.29	596282	22.23	002532	新界泵业	SZ
740	1/21/14	22.22	23.05	22.22	23.05	1197645	22.22	002532	新界泵业	SZ
741	1/22/14	23.16	23.45	22.92	23.3	1846844	23.16	002532	新界泵业	SZ
742	1/23/14	23.3	23.5	23.08	23.39	1649691	23.3	002532	新界泵业	SZ
743	1/24/14	23.47	23.7	23.3	23.58	1669200	23.47	002532	新界泵业	SZ
744	1/27/14	23.4	23.92	23.4	23.75	1767003	23.4	002532	新界泵业	SZ
745	1/28/14	23.75	23.88	23.1	23.36	1101171	23.75	002532	新界泵业	SZ
746	1/29/14	23.36	23.74	23.2	23.69	997209	23.36	002532	新界泵业	SZ
747	1/30/14	23.71	23.8	23.31	23.4	675840	23.71	002532	新界泵业	SZ
748	2/7/14	23.3	24.53	23.3	24.5	2098714	23.3	002532	新界泵业	SZ
749	2/10/14	24.5	25.43	24.35	25.2	2707081	24.5	002532	新界泵业	SZ
750	2/11/14	24.71	25.3	24.31	24.71	2718353	24.71	002532	新界泵业	SZ
751	2/12/14	24.85	26.16	24.85	25.69	2569046	24.85	002532	新界泵业	SZ
752	2/13/14	25.7	25.91	24.8	24.86	2398914	25.7	002532	新界泵业	SZ
753	2/14/14	24.96	25.39	24.65	25.39	1614204	24.96	002532	新界泵业	SZ
754	2/17/14	25.46	27.93	25.46	27.93	5548332	25.46	002532	新界泵业	SZ
755	2/18/14	28.49	30.62	28.32	29.0	9319111	28.49	002532	新界泵业	SZ
756	2/19/14	29.29	30.35	28.35	28.87	5157739	29.29	002532	新界泵业	SZ
757	2/20/14	28.87	29.08	27.5	28.42	2332169	28.87	002532	新界泵业	SZ
758	2/21/14	28.5	29.0	27.8	28.98	1760857	28.5	002532	新界泵业	SZ
759	2/24/14	28.8	28.95	26.08	26.82	6469435	28.8	002532	新界泵业	SZ
760	2/25/14	26.77	27.3	25.51	25.8	3313046	26.77	002532	新界泵业	SZ
761	2/26/14	25.51	27.08	25.41	27.03	2741622	25.51	002532	新界泵业	SZ
762	2/27/14	27.12	27.3	25.46	25.53	1914828	27.12	002532	新界泵业	SZ
763	2/28/14	25.49	26.26	24.85	25.9	1637810	25.49	002532	新界泵业	SZ
764	3/3/14	25.87	26.5	25.1	26.5	3376858	25.87	002532	新界泵业	SZ
765	3/4/14	26.12	26.33	25.66	26.09	1475259	26.12	002532	新界泵业	SZ
766	3/5/14	26.18	26.88	26.13	26.5	1965523	26.18	002532	新界泵业	SZ
767	3/6/14	26.11	26.2	25.01	25.21	3252157	26.11	002532	新界泵业	SZ
768	3/7/14	24.98	25.44	24.51	24.84	1866817	24.98	002532	新界泵业	SZ
769	3/10/14	24.7	25.08	24.05	24.16	1525065	24.7	002532	新界泵业	SZ
770	3/11/14	24.16	24.4	22.2	22.93	4711860	24.16	002532	新界泵业	SZ
771	3/12/14	22.7	23.88	22.38	22.94	3669070	22.7	002532	新界泵业	SZ
772	3/13/14	23.07	23.89	22.57	23.7	5019599	23.07	002532	新界泵业	SZ
773	3/14/14	23.38	24.59	23.24	23.95	4295718	23.38	002532	新界泵业	SZ
774	3/17/14	23.87	24.77	23.56	24.23	5699682	23.87	002532	新界泵业	SZ
775	3/18/14	24.2	24.67	23.6	23.74	4713793	24.2	002532	新界泵业	SZ
776	3/19/14	23.61	23.62	22.86	22.92	2641043	23.61	002532	新界泵业	SZ
777	3/20/14	22.79	23.02	22.1	22.1	2758242	22.79	002532	新界泵业	SZ
778	3/21/14	21.8	22.87	21.21	22.68	5260699	21.8	002532	新界泵业	SZ
779	3/24/14	22.6	23.15	22.43	22.61	4100973	22.6	002532	新界泵业	SZ
780	3/25/14	22.58	22.77	22.04	22.22	1706684	22.58	002532	新界泵业	SZ
781	3/26/14	22.29	22.67	22.05	22.44	1667124	22.29	002532	新界泵业	SZ
782	3/27/14	22.54	22.7	21.84	21.9	2362096	22.54	002532	新界泵业	SZ
783	3/28/14	21.75	21.84	20.63	20.65	3303872	21.75	002532	新界泵业	SZ
784	3/31/14	20.63	21.1	20.38	20.61	2507883	20.63	002532	新界泵业	SZ
785	4/1/14	20.59	20.88	20.59	20.88	1999849	20.59	002532	新界泵业	SZ
786	4/2/14	20.91	21.01	20.51	20.55	1462637	20.91	002532	新界泵业	SZ
787	4/3/14	20.66	20.84	20.45	20.58	1294679	20.66	002532	新界泵业	SZ
788	4/4/14	20.58	21.18	20.48	21.1	1906897	20.58	002532	新界泵业	SZ
789	4/8/14	21.02	21.8	20.91	21.56	2636863	21.02	002532	新界泵业	SZ
790	4/9/14	21.39	21.8	21.39	21.72	1983245	21.39	002532	新界泵业	SZ
791	4/10/14	21.79	21.8	21.54	21.54	1900252	21.79	002532	新界泵业	SZ
792	4/11/14	21.32	21.89	21.28	21.82	2755849	21.32	002532	新界泵业	SZ
793	4/14/14	22.24	22.45	21.92	22.0	2773842	22.24	002532	新界泵业	SZ
794	4/15/14	22.0	22.19	21.76	21.85	1648630	22.0	002532	新界泵业	SZ
795	4/16/14	21.73	21.85	21.45	21.58	1735460	21.73	002532	新界泵业	SZ
796	4/17/14	22.0	22.0	21.7	21.81	1410944	22.0	002532	新界泵业	SZ
797	4/18/14	21.93	21.93	21.51	21.75	1066518	21.93	002532	新界泵业	SZ
798	4/21/14	20.6	20.6	19.58	19.58	7130818	20.6	002532	新界泵业	SZ
799	4/22/14	19.32	19.55	18.72	19.15	3280925	19.32	002532	新界泵业	SZ
800	4/23/14	19.18	19.37	19.06	19.22	1577199	19.18	002532	新界泵业	SZ
801	4/24/14	19.23	19.28	18.83	18.83	1681611	19.23	002532	新界泵业	SZ
802	4/25/14	18.79	19.1	18.46	18.53	1623152	18.79	002532	新界泵业	SZ
803	4/28/14	18.69	18.69	18.05	18.24	1568867	18.69	002532	新界泵业	SZ
804	4/29/14	18.23	18.63	18.21	18.59	1220583	18.23	002532	新界泵业	SZ
805	4/30/14	18.55	19.07	18.55	18.95	1881752	18.55	002532	新界泵业	SZ
806	5/5/14	18.95	19.35	18.91	19.33	1716981	18.95	002532	新界泵业	SZ
807	5/6/14	19.38	19.49	19.16	19.2	2590250	19.38	002532	新界泵业	SZ
808	5/7/14	19.16	19.31	19.05	19.05	2197559	19.16	002532	新界泵业	SZ
809	5/8/14	19.01	19.35	18.91	19.07	1427946	19.01	002532	新界泵业	SZ
810	5/9/14	19.07	19.16	18.51	18.6	1387231	19.07	002532	新界泵业	SZ
811	5/12/14	19.1	19.24	18.8	19.19	2029774	19.1	002532	新界泵业	SZ
812	5/13/14	19.11	19.55	19.1	19.21	2247777	19.11	002532	新界泵业	SZ
813	5/14/14	19.4	19.4	19.06	19.2	1364342	19.4	002532	新界泵业	SZ
814	5/15/14	19.38	19.38	18.63	18.7	1429452	19.38	002532	新界泵业	SZ
815	5/16/14	18.68	18.7	18.22	18.56	1339913	18.68	002532	新界泵业	SZ
816	5/19/14	18.56	18.68	18.36	18.64	773140	18.56	002532	新界泵业	SZ
817	5/20/14	18.68	19.4	18.68	19.37	2844810	18.68	002532	新界泵业	SZ
818	5/21/14	19.3	19.55	19.1	19.46	2527003	19.3	002532	新界泵业	SZ
819	5/22/14	10.65	10.65	9.93	10.08	21992474	10.65	002532	新界泵业	SZ
820	5/23/14	9.79	9.88	9.56	9.71	12507832	9.79	002532	新界泵业	SZ
821	5/26/14	9.68	9.85	9.63	9.81	7160880	9.68	002532	新界泵业	SZ
822	5/27/14	9.72	9.77	9.51	9.56	5787935	9.72	002532	新界泵业	SZ
823	5/28/14	9.56	9.61	9.4	9.59	4417824	9.56	002532	新界泵业	SZ
824	5/29/14	9.6	9.63	9.37	9.37	4236809	9.6	002532	新界泵业	SZ
825	5/30/14	9.35	9.5	9.33	9.4	3065602	9.35	002532	新界泵业	SZ
826	6/3/14	9.45	9.45	9.3	9.33	2534361	9.45	002532	新界泵业	SZ
827	6/4/14	9.33	9.39	9.13	9.19	2887834	9.33	002532	新界泵业	SZ
828	6/5/14	9.23	9.37	9.21	9.36	2605465	9.23	002532	新界泵业	SZ
829	6/6/14	9.4	9.51	9.35	9.5	4040015	9.4	002532	新界泵业	SZ
830	6/9/14	9.44	9.52	9.35	9.36	2083482	9.44	002532	新界泵业	SZ
831	6/10/14	9.35	9.42	9.22	9.4	2279274	9.35	002532	新界泵业	SZ
832	6/11/14	9.39	9.66	9.33	9.6	5469052	9.39	002532	新界泵业	SZ
833	6/12/14	9.58	9.58	9.41	9.44	3124411	9.58	002532	新界泵业	SZ
834	6/13/14	9.41	9.6	9.37	9.55	3971125	9.41	002532	新界泵业	SZ
835	6/16/14	9.6	9.69	9.52	9.55	3782996	9.6	002532	新界泵业	SZ
836	6/17/14	9.47	9.53	9.35	9.35	2605579	9.47	002532	新界泵业	SZ
837	6/18/14	9.43	9.43	9.23	9.24	1950506	9.43	002532	新界泵业	SZ
838	6/19/14	9.23	9.38	8.91	8.95	3171785	9.23	002532	新界泵业	SZ
839	6/20/14	9.0	9.19	8.93	9.14	2574760	9.0	002532	新界泵业	SZ
840	6/23/14	9.16	9.28	9.16	9.19	1888899	9.16	002532	新界泵业	SZ
841	6/24/14	9.19	9.28	9.15	9.25	1685372	9.19	002532	新界泵业	SZ
842	6/25/14	9.23	9.29	9.11	9.15	1457284	9.23	002532	新界泵业	SZ
843	6/26/14	9.15	9.31	9.15	9.26	2048599	9.15	002532	新界泵业	SZ
844	6/27/14	9.3	9.79	9.21	9.69	8075740	9.3	002532	新界泵业	SZ
845	6/30/14	9.69	9.72	9.52	9.6	3789521	9.69	002532	新界泵业	SZ
846	7/1/14	9.6	9.82	9.55	9.78	5975248	9.6	002532	新界泵业	SZ
847	7/2/14	9.83	9.87	9.69	9.78	3295933	9.83	002532	新界泵业	SZ
848	7/3/14	9.77	9.83	9.68	9.75	3903697	9.77	002532	新界泵业	SZ
849	7/4/14	9.73	9.9	9.68	9.86	3811141	9.73	002532	新界泵业	SZ
850	7/7/14	9.86	9.87	9.7	9.79	2703652	9.86	002532	新界泵业	SZ
851	7/8/14	9.77	9.84	9.62	9.79	3076537	9.77	002532	新界泵业	SZ
852	7/9/14	9.78	10.06	9.69	9.72	4994170	9.78	002532	新界泵业	SZ
853	7/10/14	9.75	9.77	9.61	9.65	1958564	9.75	002532	新界泵业	SZ
854	7/11/14	9.65	9.81	9.61	9.7	2026313	9.65	002532	新界泵业	SZ
855	7/14/14	9.7	9.9	9.61	9.85	3140876	9.7	002532	新界泵业	SZ
856	7/15/14	9.83	9.92	9.72	9.87	2696570	9.83	002532	新界泵业	SZ
857	7/16/14	9.84	10.12	9.81	10.03	7107051	9.84	002532	新界泵业	SZ
858	7/17/14	10.03	10.08	9.7	9.75	3533560	10.03	002532	新界泵业	SZ
859	7/18/14	9.71	9.81	9.6	9.69	2958240	9.71	002532	新界泵业	SZ
860	7/21/14	9.7	9.79	9.52	9.76	3015336	9.7	002532	新界泵业	SZ
861	7/22/14	9.7	9.82	9.65	9.76	2295974	9.7	002532	新界泵业	SZ
862	7/23/14	9.76	9.96	9.64	9.8	3820591	9.76	002532	新界泵业	SZ
863	7/24/14	9.76	9.9	9.61	9.85	3988043	9.76	002532	新界泵业	SZ
864	7/25/14	9.83	10.03	9.8	10.03	5017920	9.83	002532	新界泵业	SZ
865	7/28/14	10.26	10.35	10.05	10.18	7274056	10.26	002532	新界泵业	SZ
866	7/29/14	10.18	10.23	10.04	10.18	5870871	10.18	002532	新界泵业	SZ
867	7/30/14	10.19	10.49	10.12	10.41	11037060	10.19	002532	新界泵业	SZ
868	7/31/14	10.44	10.84	10.33	10.75	13392380	10.44	002532	新界泵业	SZ
869	8/1/14	10.65	10.94	10.42	10.49	12426185	10.65	002532	新界泵业	SZ
870	8/4/14	10.72	11.11	10.72	10.91	11960743	10.72	002532	新界泵业	SZ
871	8/5/14	10.82	11.47	10.65	11.29	17575392	10.82	002532	新界泵业	SZ
872	8/6/14	11.27	11.27	11.0	11.19	9002378	11.27	002532	新界泵业	SZ
873	8/7/14	11.1	11.19	10.76	10.82	9981083	11.1	002532	新界泵业	SZ
874	8/8/14	10.82	10.89	10.71	10.86	4496555	10.82	002532	新界泵业	SZ
875	8/11/14	10.86	10.98	10.8	10.92	5348301	10.86	002532	新界泵业	SZ
876	8/12/14	10.97	10.97	10.72	10.75	6132346	10.97	002532	新界泵业	SZ
877	8/13/14	10.83	10.83	10.59	10.71	4447455	10.83	002532	新界泵业	SZ
878	8/14/14	10.73	10.94	10.73	10.82	6855017	10.73	002532	新界泵业	SZ
879	8/15/14	10.77	10.87	10.71	10.87	3927558	10.77	002532	新界泵业	SZ
880	8/18/14	10.9	11.14	10.84	11.11	7411401	10.9	002532	新界泵业	SZ
881	8/19/14	11.11	11.17	10.92	11.05	6146479	11.11	002532	新界泵业	SZ
882	8/20/14	11.05	11.18	11.0	11.05	5957662	11.05	002532	新界泵业	SZ
883	8/21/14	11.1	11.14	10.82	10.91	5219873	11.1	002532	新界泵业	SZ
884	8/22/14	10.92	11.4	10.18	11.3	14079345	10.92	002532	新界泵业	SZ
885	8/25/14	11.5	11.5	11.11	11.16	7659878	11.5	002532	新界泵业	SZ
886	8/26/14	11.12	11.13	10.72	10.87	6381746	11.12	002532	新界泵业	SZ
887	8/27/14	10.85	10.95	10.72	10.75	2669395	10.85	002532	新界泵业	SZ
888	8/28/14	10.8	11.09	10.8	10.82	4145776	10.8	002532	新界泵业	SZ
889	8/29/14	10.88	10.88	10.58	10.78	3770517	10.88	002532	新界泵业	SZ
890	9/1/14	10.8	11.07	10.73	11.03	4850552	10.8	002532	新界泵业	SZ
891	9/2/14	11.0	11.25	11.0	11.22	7375998	11.0	002532	新界泵业	SZ
892	9/3/14	11.21	11.71	11.12	11.64	14679571	11.21	002532	新界泵业	SZ
893	9/4/14	11.65	11.98	11.51	11.91	17892312	11.65	002532	新界泵业	SZ
894	9/5/14	11.88	12.08	11.6	12.02	15074364	11.88	002532	新界泵业	SZ
895	9/9/14	11.94	12.46	11.73	12.26	13699307	11.94	002532	新界泵业	SZ
896	9/10/14	12.19	12.19	11.94	11.97	9025894	12.19	002532	新界泵业	SZ
897	9/11/14	12.0	12.09	11.75	11.76	8964104	12.0	002532	新界泵业	SZ
898	9/12/14	11.78	12.0	11.71	11.98	5559864	11.78	002532	新界泵业	SZ
899	9/15/14	11.96	12.14	11.88	12.03	6500690	11.96	002532	新界泵业	SZ
900	9/16/14	12.0	12.1	11.4	11.4	7980429	12.0	002532	新界泵业	SZ
901	9/17/14	11.45	11.68	11.41	11.68	5490160	11.45	002532	新界泵业	SZ
902	9/18/14	11.63	11.78	11.51	11.73	4551475	11.63	002532	新界泵业	SZ
903	9/19/14	11.76	11.87	11.58	11.77	4337137	11.76	002532	新界泵业	SZ
904	9/22/14	11.78	11.79	11.52	11.55	3180777	11.78	002532	新界泵业	SZ
905	9/23/14	11.56	11.69	11.56	11.68	3033894	11.56	002532	新界泵业	SZ
906	9/24/14	11.65	11.96	11.63	11.88	4959825	11.65	002532	新界泵业	SZ
907	9/25/14	11.93	12.01	11.78	11.95	7161857	11.93	002532	新界泵业	SZ
908	9/26/14	11.89	12.52	11.84	12.46	14319391	11.89	002532	新界泵业	SZ
909	9/29/14	12.47	12.87	12.31	12.75	13656296	12.47	002532	新界泵业	SZ
910	9/30/14	12.82	12.94	12.55	12.66	9503213	12.82	002532	新界泵业	SZ
911	10/8/14	12.72	12.77	12.38	12.67	7320753	12.72	002532	新界泵业	SZ
912	10/9/14	12.75	12.94	12.49	12.85	9053114	12.75	002532	新界泵业	SZ
913	10/10/14	12.71	12.76	12.5	12.55	5427827	12.71	002532	新界泵业	SZ
914	10/13/14	12.57	12.57	12.09	12.35	6075889	12.57	002532	新界泵业	SZ
915	10/14/14	12.35	12.53	12.2	12.45	5006463	12.35	002532	新界泵业	SZ
916	10/15/14	12.53	12.79	12.46	12.75	8516416	12.53	002532	新界泵业	SZ
917	10/16/14	12.75	12.75	12.31	12.32	6124346	12.75	002532	新界泵业	SZ
918	10/17/14	12.2	12.35	11.75	11.91	5995818	12.2	002532	新界泵业	SZ
919	10/20/14	11.86	12.1	11.86	12.07	3502264	11.86	002532	新界泵业	SZ
920	10/21/14	12.08	12.14	11.88	11.9	3432075	12.08	002532	新界泵业	SZ
921	10/22/14	11.9	11.9	11.48	11.53	3676290	11.9	002532	新界泵业	SZ
922	10/23/14	11.51	11.63	10.98	11.15	4375497	11.51	002532	新界泵业	SZ
923	10/24/14	11.14	11.23	11.11	11.16	1872917	11.14	002532	新界泵业	SZ
924	10/27/14	11.16	11.41	11.15	11.34	1804407	11.16	002532	新界泵业	SZ
925	10/28/14	11.35	11.65	11.34	11.59	2555853	11.35	002532	新界泵业	SZ
926	10/29/14	11.65	11.78	11.52	11.7	4106799	11.65	002532	新界泵业	SZ
927	10/30/14	11.67	11.75	11.55	11.61	3580159	11.67	002532	新界泵业	SZ
928	10/31/14	11.75	11.75	11.38	11.54	3234722	11.75	002532	新界泵业	SZ
929	11/3/14	11.5	11.69	11.45	11.67	2408834	11.5	002532	新界泵业	SZ
930	11/4/14	11.65	11.94	11.6	11.71	3364441	11.65	002532	新界泵业	SZ
931	11/5/14	11.72	11.73	11.44	11.5	3173669	11.72	002532	新界泵业	SZ
932	11/6/14	11.51	11.56	11.18	11.38	4363115	11.51	002532	新界泵业	SZ
933	11/7/14	11.38	11.49	11.19	11.35	5100829	11.38	002532	新界泵业	SZ
934	11/10/14	11.33	11.53	11.25	11.45	3781747	11.33	002532	新界泵业	SZ
935	11/11/14	11.44	11.44	10.77	10.94	4178438	11.44	002532	新界泵业	SZ
936	11/12/14	10.92	11.06	10.8	11.05	2146542	10.92	002532	新界泵业	SZ
937	11/13/14	11.04	11.08	10.8	10.93	2484528	11.04	002532	新界泵业	SZ
938	11/14/14	10.84	10.95	10.8	10.88	1227019	10.84	002532	新界泵业	SZ
939	11/17/14	10.89	11.18	10.82	11.12	2282767	10.89	002532	新界泵业	SZ
940	11/18/14	11.11	11.23	11.07	11.12	1671183	11.11	002532	新界泵业	SZ
941	11/19/14	11.12	12.23	11.12	12.11	17645524	11.12	002532	新界泵业	SZ
942	11/20/14	11.8	12.07	11.71	12.0	10502669	11.8	002532	新界泵业	SZ
943	11/21/14	12.1	12.1	11.83	11.92	6255196	12.1	002532	新界泵业	SZ
944	11/24/14	12.07	12.07	11.79	11.94	7426325	12.07	002532	新界泵业	SZ
945	11/25/14	11.92	12.05	11.71	12.02	8853364	11.92	002532	新界泵业	SZ
946	11/26/14	12.26	13.19	12.26	12.58	19101254	12.26	002532	新界泵业	SZ
947	11/27/14	12.67	12.8	12.39	12.71	15386611	12.67	002532	新界泵业	SZ
948	11/28/14	12.64	12.84	12.4	12.6	11516601	12.64	002532	新界泵业	SZ
949	12/1/14	12.61	12.78	12.28	12.3	6803712	12.61	002532	新界泵业	SZ
950	12/2/14	12.33	12.69	12.33	12.46	6413403	12.33	002532	新界泵业	SZ
951	12/3/14	12.4	12.5	12.06	12.35	9066654	12.4	002532	新界泵业	SZ
952	12/4/14	12.35	12.53	12.26	12.3	9379384	12.35	002532	新界泵业	SZ
953	12/5/14	12.25	12.27	11.24	11.7	8806351	12.25	002532	新界泵业	SZ
954	12/8/14	11.6	11.84	11.36	11.65	6015010	11.6	002532	新界泵业	SZ
955	12/9/14	11.51	11.75	11.13	11.16	6367565	11.51	002532	新界泵业	SZ
956	12/10/14	11.17	11.74	11.17	11.62	5444585	11.17	002532	新界泵业	SZ
957	12/11/14	11.62	11.62	11.62	11.62	0	11.62	002532	新界泵业	SZ
958	12/12/14	11.62	11.62	11.62	11.62	0	11.62	002532	新界泵业	SZ
959	12/15/14	11.62	11.62	11.62	11.62	0	11.62	002532	新界泵业	SZ
960	12/16/14	12.33	12.64	12.0	12.25	18647748	12.33	002532	新界泵业	SZ
961	12/17/14	12.35	12.77	12.11	12.42	12872272	12.35	002532	新界泵业	SZ
962	12/18/14	12.44	12.85	12.1	12.69	13200624	12.44	002532	新界泵业	SZ
963	12/19/14	12.72	12.72	12.0	12.3	9607832	12.72	002532	新界泵业	SZ
964	12/22/14	12.28	12.28	11.21	11.39	7896361	12.28	002532	新界泵业	SZ
965	12/23/14	11.4	11.52	11.02	11.11	3934425	11.4	002532	新界泵业	SZ
966	12/24/14	11.29	11.47	11.26	11.32	3366410	11.29	002532	新界泵业	SZ
967	12/25/14	11.33	11.48	11.29	11.45	3334382	11.33	002532	新界泵业	SZ
968	12/26/14	11.45	11.5	11.37	11.5	3515716	11.45	002532	新界泵业	SZ
969	12/29/14	11.51	11.55	10.5	10.91	9395504	11.51	002532	新界泵业	SZ
970	12/30/14	10.74	10.85	10.12	10.24	8570214	10.74	002532	新界泵业	SZ
971	12/31/14	10.24	10.5	10.18	10.3	2883084	10.24	002532	新界泵业	SZ
972	1/5/15	10.4	10.42	10.25	10.42	3658029	10.4	002532	新界泵业	SZ
973	1/6/15	10.38	10.74	10.3	10.73	4718967	10.38	002532	新界泵业	SZ
974	1/7/15	10.77	10.8	10.52	10.62	3666850	10.77	002532	新界泵业	SZ
975	1/8/15	10.61	10.63	10.39	10.58	2998695	10.61	002532	新界泵业	SZ
976	1/9/15	10.53	10.66	10.47	10.48	2789167	10.53	002532	新界泵业	SZ
977	1/12/15	10.48	10.51	10.21	10.48	2513250	10.48	002532	新界泵业	SZ
978	1/13/15	10.55	10.79	10.49	10.74	4484964	10.55	002532	新界泵业	SZ
979	1/14/15	10.75	10.82	10.5	10.57	3032084	10.75	002532	新界泵业	SZ
980	1/15/15	10.58	10.79	10.54	10.71	2670180	10.58	002532	新界泵业	SZ
981	1/16/15	10.71	10.78	10.57	10.71	3553409	10.71	002532	新界泵业	SZ
982	1/19/15	10.6	10.73	10.21	10.32	3762856	10.6	002532	新界泵业	SZ
983	1/20/15	10.34	10.6	10.34	10.6	3299001	10.34	002532	新界泵业	SZ
984	1/21/15	10.78	11.16	10.78	11.06	9485514	10.78	002532	新界泵业	SZ
985	1/22/15	11.07	11.26	11.0	11.2	6264889	11.07	002532	新界泵业	SZ
986	1/23/15	11.35	11.35	10.97	11.1	4970912	11.35	002532	新界泵业	SZ
987	1/26/15	11.0	11.16	10.91	11.15	3747158	11.0	002532	新界泵业	SZ
988	1/27/15	11.39	11.53	11.28	11.46	9332597	11.39	002532	新界泵业	SZ
989	1/28/15	11.4	11.4	11.28	11.33	3823627	11.4	002532	新界泵业	SZ
990	1/29/15	11.24	11.24	11.03	11.13	3166328	11.24	002532	新界泵业	SZ
991	1/30/15	11.05	11.22	11.05	11.06	2281334	11.05	002532	新界泵业	SZ
992	2/2/15	11.11	11.31	11.02	11.16	2766565	11.11	002532	新界泵业	SZ
993	2/3/15	11.18	11.24	11.08	11.19	2985845	11.18	002532	新界泵业	SZ
994	2/4/15	11.21	11.24	11.02	11.05	2523033	11.21	002532	新界泵业	SZ
995	2/5/15	11.24	11.52	11.19	11.44	10812730	11.24	002532	新界泵业	SZ
996	2/6/15	11.33	11.44	11.06	11.09	3756906	11.33	002532	新界泵业	SZ
997	2/9/15	11.14	11.18	10.72	10.75	3372600	11.14	002532	新界泵业	SZ
998	2/10/15	10.75	10.89	10.66	10.89	2002390	10.75	002532	新界泵业	SZ
999	2/11/15	10.76	11.18	10.76	11.0	2461168	10.76	002532	新界泵业	SZ
1000	2/12/15	11.0	11.18	11.0	11.12	2083331	11.0	002532	新界泵业	SZ
1001	2/13/15	11.2	11.44	11.13	11.28	3792888	11.2	002532	新界泵业	SZ
1002	2/16/15	11.42	11.42	11.26	11.4	3763507	11.42	002532	新界泵业	SZ
1003	2/17/15	11.42	11.92	11.32	11.79	8241489	11.42	002532	新界泵业	SZ
1004	2/25/15	11.96	11.96	11.61	11.73	7175884	11.96	002532	新界泵业	SZ
1005	2/26/15	11.99	12.33	11.97	12.09	12126538	11.99	002532	新界泵业	SZ
1006	2/27/15	11.93	12.05	11.85	11.99	5990263	11.93	002532	新界泵业	SZ
1007	3/2/15	12.0	12.19	12.0	12.13	7177295	12.0	002532	新界泵业	SZ
1008	3/3/15	12.18	12.42	12.06	12.25	10545988	12.18	002532	新界泵业	SZ
1009	3/4/15	12.23	12.28	12.02	12.23	6210328	12.23	002532	新界泵业	SZ
1010	3/5/15	12.68	12.99	12.42	12.43	15480785	12.68	002532	新界泵业	SZ
1011	3/6/15	12.47	12.87	12.47	12.71	15702426	12.47	002532	新界泵业	SZ
1012	3/9/15	12.71	12.95	12.45	12.78	9747458	12.71	002532	新界泵业	SZ
1013	3/10/15	12.85	12.95	12.6	12.8	9494193	12.85	002532	新界泵业	SZ
1014	3/11/15	12.74	13.51	12.7	13.5	12665082	12.74	002532	新界泵业	SZ
1015	3/12/15	13.59	13.69	13.0	13.14	10039086	13.59	002532	新界泵业	SZ
1016	3/13/15	13.34	13.36	12.86	13.0	8936774	13.34	002532	新界泵业	SZ
1017	3/16/15	13.01	13.39	13.01	13.33	7836331	13.01	002532	新界泵业	SZ
1018	3/17/15	13.5	13.99	13.35	13.67	12008256	13.5	002532	新界泵业	SZ
1019	3/18/15	13.68	13.79	13.53	13.7	7606292	13.68	002532	新界泵业	SZ
1020	3/19/15	13.71	13.79	13.42	13.53	8250044	13.71	002532	新界泵业	SZ
1021	3/20/15	13.59	13.99	13.59	13.9	8868671	13.59	002532	新界泵业	SZ
1022	3/23/15	13.95	14.39	13.73	14.21	10152558	13.95	002532	新界泵业	SZ
1023	3/24/15	14.21	14.21	13.4	14.0	11579843	14.21	002532	新界泵业	SZ
1024	3/25/15	13.9	14.04	13.68	13.85	6618283	13.9	002532	新界泵业	SZ
1025	3/26/15	13.8	13.96	13.37	13.7	6858900	13.8	002532	新界泵业	SZ
1026	3/27/15	13.7	13.8	13.5	13.69	7865166	13.7	002532	新界泵业	SZ
1027	3/30/15	13.75	14.25	13.68	14.14	12014501	13.75	002532	新界泵业	SZ
1028	3/31/15	14.1	14.1	13.68	13.82	10155098	14.1	002532	新界泵业	SZ
1029	4/1/15	13.93	14.15	13.92	14.0	9890139	13.93	002532	新界泵业	SZ
1030	4/2/15	14.0	14.92	14.0	14.9	15624288	14.0	002532	新界泵业	SZ
1031	4/3/15	14.75	16.24	14.6	15.79	17519364	14.75	002532	新界泵业	SZ
1032	4/7/15	15.63	16.99	15.6	16.48	13685249	15.63	002532	新界泵业	SZ
1033	4/8/15	16.55	16.78	15.66	15.98	11029405	16.55	002532	新界泵业	SZ
1034	4/9/15	15.98	16.07	14.6	15.37	10121411	15.98	002532	新界泵业	SZ
1035	4/10/15	15.12	15.78	15.12	15.73	6627037	15.12	002532	新界泵业	SZ
1036	4/13/15	15.71	16.29	15.45	16.18	10893041	15.71	002532	新界泵业	SZ
1037	4/14/15	16.15	16.18	15.7	15.89	8250583	16.15	002532	新界泵业	SZ
1038	4/15/15	15.82	15.86	15.1	15.3	6197661	15.82	002532	新界泵业	SZ
1039	4/16/15	15.45	16.28	15.24	16.04	13196974	15.45	002532	新界泵业	SZ
1040	4/17/15	16.56	16.57	15.81	15.88	11566352	16.56	002532	新界泵业	SZ
1041	4/20/15	15.85	15.85	15.25	15.55	8379258	15.85	002532	新界泵业	SZ
1042	4/21/15	15.42	16.22	15.42	16.17	8868669	15.42	002532	新界泵业	SZ
1043	4/22/15	16.22	16.94	16.19	16.69	14580571	16.22	002532	新界泵业	SZ
1044	4/23/15	16.7	16.88	16.25	16.45	9315208	16.7	002532	新界泵业	SZ
1045	4/24/15	16.25	16.75	16.0	16.7	10252905	16.25	002532	新界泵业	SZ
1046	4/27/15	16.8	17.77	16.62	17.06	15657704	16.8	002532	新界泵业	SZ
1047	4/28/15	16.98	17.07	15.9	16.11	8642074	16.98	002532	新界泵业	SZ
1048	4/29/15	16.1	16.95	15.93	16.65	7157911	16.1	002532	新界泵业	SZ
1049	4/30/15	16.9	17.99	16.75	17.18	14654718	16.9	002532	新界泵业	SZ
1050	5/4/15	17.25	17.88	17.21	17.35	9672593	17.25	002532	新界泵业	SZ
1051	5/5/15	17.35	17.45	16.66	17.11	7303076	17.35	002532	新界泵业	SZ
1052	5/6/15	17.13	17.5	15.4	16.52	7056588	17.13	002532	新界泵业	SZ
1053	5/7/15	16.22	16.44	14.87	15.03	7500396	16.22	002532	新界泵业	SZ
1054	5/8/15	15.3	15.92	15.2	15.81	8426699	15.3	002532	新界泵业	SZ
1055	5/11/15	16.0	16.8	15.7	16.57	8117144	16.0	002532	新界泵业	SZ
1056	5/12/15	16.66	16.7	16.31	16.49	7170888	16.66	002532	新界泵业	SZ
1057	5/13/15	16.42	17.16	16.09	16.98	9966951	16.42	002532	新界泵业	SZ
1058	5/14/15	16.98	17.35	16.63	17.22	10529142	16.98	002532	新界泵业	SZ
1059	5/15/15	17.2	17.3	16.61	17.19	6762548	17.2	002532	新界泵业	SZ
1060	5/18/15	16.95	18.48	16.83	18.27	15850041	16.95	002532	新界泵业	SZ
1061	5/19/15	18.42	19.65	17.85	19.42	20453168	18.42	002532	新界泵业	SZ
1062	5/20/15	18.98	21.35	18.88	20.0	20782730	18.98	002532	新界泵业	SZ
1063	5/21/15	20.36	20.85	19.7	20.4	12974419	20.36	002532	新界泵业	SZ
1064	5/22/15	20.88	21.54	19.82	20.68	12732579	20.88	002532	新界泵业	SZ
1065	5/25/15	20.69	22.51	20.22	21.53	13578806	20.69	002532	新界泵业	SZ
1066	5/26/15	21.4	23.08	21.22	23.05	11048425	21.4	002532	新界泵业	SZ
1067	5/27/15	22.98	24.03	22.02	23.48	8151559	22.98	002532	新界泵业	SZ
1068	5/28/15	23.35	23.85	21.13	21.13	11080555	23.35	002532	新界泵业	SZ
1069	5/29/15	21.47	22.66	19.4	22.66	15851455	21.47	002532	新界泵业	SZ
1070	6/1/15	22.7	24.65	22.7	24.3	13633429	22.7	002532	新界泵业	SZ
1071	6/2/15	24.3	24.3	24.3	24.3	0	24.3	002532	新界泵业	SZ
1072	6/3/15	24.3	24.3	24.3	24.3	0	24.3	002532	新界泵业	SZ
1073	6/4/15	24.3	24.3	24.3	24.3	0	24.3	002532	新界泵业	SZ
1074	6/5/15	24.3	24.3	24.3	24.3	0	24.3	002532	新界泵业	SZ
1075	6/8/15	24.3	24.3	24.3	24.3	0	24.3	002532	新界泵业	SZ
1076	6/9/15	24.3	24.3	24.3	24.3	0	24.3	002532	新界泵业	SZ
1077	6/10/15	24.3	24.3	24.3	24.3	0	24.3	002532	新界泵业	SZ
1078	6/11/15	24.3	24.3	24.3	24.3	0	24.3	002532	新界泵业	SZ
1079	6/12/15	24.3	24.3	24.3	24.3	0	24.3	002532	新界泵业	SZ
1080	6/15/15	24.3	24.3	24.3	24.3	0	24.3	002532	新界泵业	SZ
1081	6/16/15	24.3	24.3	24.3	24.3	0	24.3	002532	新界泵业	SZ
1082	6/17/15	24.3	24.3	24.3	24.3	0	24.3	002532	新界泵业	SZ
1083	6/18/15	24.3	24.3	24.3	24.3	0	24.3	002532	新界泵业	SZ
1084	6/19/15	24.3	24.3	24.3	24.3	0	24.3	002532	新界泵业	SZ
1085	6/23/15	24.3	24.3	24.3	24.3	0	24.3	002532	新界泵业	SZ
1086	6/24/15	24.3	24.3	24.3	24.3	0	24.3	002532	新界泵业	SZ
1087	6/25/15	24.3	24.3	24.3	24.3	0	24.3	002532	新界泵业	SZ
1088	6/26/15	24.3	24.3	24.3	24.3	0	24.3	002532	新界泵业	SZ
1089	6/29/15	21.83	21.83	21.83	21.83	1355000	21.83	002532	新界泵业	SZ
1090	6/30/15	19.65	21.5	19.65	19.65	24813606	19.65	002532	新界泵业	SZ
1091	7/1/15	18.26	19.5	17.69	17.69	19022696	18.26	002532	新界泵业	SZ
1092	7/2/15	16.04	16.8	15.92	15.92	13759742	16.04	002532	新界泵业	SZ
1093	7/3/15	14.35	14.9	14.33	14.33	10355058	14.35	002532	新界泵业	SZ
1094	7/6/15	15.32	15.33	12.9	12.9	16642912	15.32	002532	新界泵业	SZ
1095	7/7/15	11.64	11.8	11.61	11.61	3423536	11.64	002532	新界泵业	SZ
1096	7/8/15	11.61	11.61	11.61	11.61	0	11.61	002532	新界泵业	SZ
1097	7/9/15	11.61	11.61	11.61	11.61	0	11.61	002532	新界泵业	SZ
1098	7/10/15	11.61	11.61	11.61	11.61	0	11.61	002532	新界泵业	SZ
1099	7/13/15	11.61	11.61	11.61	11.61	0	11.61	002532	新界泵业	SZ
1100	7/14/15	12.77	12.77	12.77	12.77	849238	12.77	002532	新界泵业	SZ
1101	7/15/15	14.05	14.05	12.01	12.13	33718300	14.05	002532	新界泵业	SZ
1102	7/16/15	12.13	12.78	11.06	12.65	20157244	12.13	002532	新界泵业	SZ
1103	7/17/15	12.8	13.9	12.66	13.7	16374761	12.8	002532	新界泵业	SZ
1104	7/20/15	13.95	14.5	13.56	14.28	18700796	13.95	002532	新界泵业	SZ
1105	7/21/15	13.99	14.65	13.64	14.39	15204865	13.99	002532	新界泵业	SZ
1106	7/22/15	14.57	14.77	13.87	14.56	14056143	14.57	002532	新界泵业	SZ
1107	7/23/15	14.99	15.47	14.82	15.15	18677588	14.99	002532	新界泵业	SZ
1108	7/24/15	15.0	15.22	14.41	14.44	16999256	15.0	002532	新界泵业	SZ
1109	7/27/15	13.91	14.54	13.0	13.0	11680373	13.91	002532	新界泵业	SZ
1110	7/28/15	12.2	13.38	11.78	12.57	13636833	12.2	002532	新界泵业	SZ
1111	7/29/15	13.07	13.6	12.45	13.59	11629731	13.07	002532	新界泵业	SZ
1112	7/30/15	13.58	13.99	13.1	13.19	11770525	13.58	002532	新界泵业	SZ
1113	7/31/15	12.91	13.6	12.76	12.95	6965529	12.91	002532	新界泵业	SZ
1114	8/3/15	13.0	13.43	12.33	12.64	8581765	13.0	002532	新界泵业	SZ
1115	8/4/15	12.76	13.9	12.76	13.82	11761171	12.76	002532	新界泵业	SZ
1116	8/5/15	13.85	14.38	13.67	13.77	14172679	13.85	002532	新界泵业	SZ
1117	8/6/15	13.47	13.85	13.08	13.47	7882261	13.47	002532	新界泵业	SZ
1118	8/7/15	13.68	14.4	13.55	14.16	12029592	13.68	002532	新界泵业	SZ
1119	8/10/15	14.29	14.96	14.1	14.78	16552040	14.29	002532	新界泵业	SZ
1120	8/11/15	14.66	15.06	14.4	14.63	15441637	14.66	002532	新界泵业	SZ
1121	8/12/15	14.49	14.92	14.33	14.55	11278316	14.49	002532	新界泵业	SZ
1122	8/13/15	14.4	15.35	14.01	15.14	15644365	14.4	002532	新界泵业	SZ
1123	8/14/15	15.4	15.46	14.9	14.93	13623247	15.4	002532	新界泵业	SZ
1124	8/17/15	14.78	15.23	14.61	15.16	12352686	14.78	002532	新界泵业	SZ
1125	8/18/15	15.21	15.3	13.64	13.64	13764659	15.21	002532	新界泵业	SZ
1126	8/19/15	13.2	13.94	12.28	13.84	10742025	13.2	002532	新界泵业	SZ
1127	8/20/15	13.52	13.96	13.21	13.21	7157155	13.52	002532	新界泵业	SZ
1128	8/21/15	12.76	13.37	12.38	12.74	8977135	12.76	002532	新界泵业	SZ
1129	8/24/15	12.22	12.39	11.47	11.47	9017702	12.22	002532	新界泵业	SZ
1130	8/25/15	10.49	10.84	10.32	10.32	9161552	10.49	002532	新界泵业	SZ
1131	8/26/15	10.4	11.03	10.02	10.38	12468353	10.4	002532	新界泵业	SZ
1132	8/27/15	10.74	10.88	10.18	10.82	8584168	10.74	002532	新界泵业	SZ
1133	8/28/15	11.05	11.64	11.01	11.63	9287685	11.05	002532	新界泵业	SZ
1134	8/31/15	11.4	11.66	11.1	11.25	8198803	11.4	002532	新界泵业	SZ
1135	9/1/15	11.07	11.07	10.21	10.25	6852402	11.07	002532	新界泵业	SZ
1136	9/2/15	9.4	10.68	9.4	9.83	6183516	9.4	002532	新界泵业	SZ
1137	9/7/15	10.11	10.43	10.05	10.13	5273948	10.11	002532	新界泵业	SZ
1138	9/8/15	10.05	10.89	10.05	10.74	4860763	10.05	002532	新界泵业	SZ
1139	9/9/15	10.89	11.2	10.73	11.07	10283021	10.89	002532	新界泵业	SZ
1140	9/10/15	10.89	11.02	10.76	10.81	5472646	10.89	002532	新界泵业	SZ
1141	9/11/15	10.83	10.98	10.75	10.9	4230061	10.83	002532	新界泵业	SZ
1142	9/14/15	10.99	11.05	9.81	9.81	7458829	10.99	002532	新界泵业	SZ
1143	9/15/15	9.68	9.8	9.23	9.38	4631691	9.68	002532	新界泵业	SZ
1144	9/16/15	9.46	10.32	9.38	10.29	7231379	9.46	002532	新界泵业	SZ
1145	9/17/15	10.01	10.66	9.95	10.12	7753338	10.01	002532	新界泵业	SZ
1146	9/18/15	10.18	10.55	9.98	10.4	6181047	10.18	002532	新界泵业	SZ
1147	9/21/15	10.25	11.42	10.18	11.01	7134116	10.25	002532	新界泵业	SZ
1148	9/22/15	10.91	11.14	10.75	10.92	6926326	10.91	002532	新界泵业	SZ
1149	9/23/15	10.72	10.89	10.55	10.64	4785180	10.72	002532	新界泵业	SZ
1150	9/24/15	10.78	11.18	10.71	11.18	7591728	10.78	002532	新界泵业	SZ
1151	9/25/15	11.15	11.39	10.72	10.86	6880392	11.15	002532	新界泵业	SZ
1152	9/28/15	10.87	11.36	10.7	11.33	6427759	10.87	002532	新界泵业	SZ
1153	9/29/15	11.22	11.24	10.8	11.02	5254298	11.22	002532	新界泵业	SZ
1154	9/30/15	11.0	11.07	10.73	10.88	6312099	11.0	002532	新界泵业	SZ
1155	10/8/15	11.28	11.36	11.04	11.3	7615219	11.28	002532	新界泵业	SZ
1156	10/9/15	11.25	11.75	11.18	11.63	7388952	11.25	002532	新界泵业	SZ
1157	10/12/15	11.61	12.25	11.57	12.14	9298527	11.61	002532	新界泵业	SZ
1158	10/13/15	12.0	12.18	11.91	12.17	6206059	12.0	002532	新界泵业	SZ
1159	10/14/15	12.1	12.4	12.0	12.13	7954412	12.1	002532	新界泵业	SZ
1160	10/15/15	12.01	12.54	12.01	12.52	8546712	12.01	002532	新界泵业	SZ
1161	10/16/15	12.65	13.7	12.43	13.37	15299369	12.65	002532	新界泵业	SZ
1162	10/19/15	13.22	13.38	12.83	13.0	9637105	13.22	002532	新界泵业	SZ
1163	10/20/15	12.91	13.35	12.91	13.19	7169783	12.91	002532	新界泵业	SZ
1164	10/21/15	13.1	13.24	11.87	11.91	8142794	13.1	002532	新界泵业	SZ
1165	10/22/15	12.03	12.65	11.96	12.53	6987366	12.03	002532	新界泵业	SZ
1166	10/23/15	12.67	13.17	12.45	13.03	7639719	12.67	002532	新界泵业	SZ
1167	10/26/15	13.28	13.61	12.8	13.47	9575415	13.28	002532	新界泵业	SZ
1168	10/27/15	13.35	13.46	12.62	13.29	7380655	13.35	002532	新界泵业	SZ
1169	10/28/15	13.11	13.65	13.09	13.22	8664977	13.11	002532	新界泵业	SZ
1170	10/29/15	13.37	13.43	13.0	13.26	6563865	13.37	002532	新界泵业	SZ
1171	10/30/15	13.2	13.28	12.8	12.99	5517080	13.2	002532	新界泵业	SZ
1172	11/2/15	12.55	13.05	12.5	12.6	4801725	12.55	002532	新界泵业	SZ
1173	11/3/15	12.7	13.09	12.7	12.85	4981416	12.7	002532	新界泵业	SZ
1174	11/4/15	12.81	13.59	12.81	13.55	8506648	12.81	002532	新界泵业	SZ
1175	11/5/15	13.56	13.71	13.0	13.71	13050017	13.56	002532	新界泵业	SZ
1176	11/6/15	13.7	14.2	13.57	14.12	12445908	13.7	002532	新界泵业	SZ
1177	11/9/15	13.9	14.08	13.62	13.9	8440733	13.9	002532	新界泵业	SZ
1178	11/10/15	13.97	14.25	13.71	13.89	8505627	13.97	002532	新界泵业	SZ
1179	11/11/15	13.91	14.2	13.83	14.13	7141217	13.91	002532	新界泵业	SZ
1180	11/12/15	14.13	14.17	13.64	13.98	9373003	14.13	002532	新界泵业	SZ
1181	11/13/15	13.76	15.29	13.76	15.15	24378800	13.76	002532	新界泵业	SZ
1182	11/16/15	14.7	16.67	14.7	16.67	33839908	14.7	002532	新界泵业	SZ
1183	11/17/15	16.32	16.89	15.92	16.03	26343032	16.32	002532	新界泵业	SZ
1184	11/18/15	16.2	16.2	15.59	15.59	8712331	16.2	002532	新界泵业	SZ
1185	11/19/15	15.59	16.07	15.4	16.04	9431075	15.59	002532	新界泵业	SZ
1186	11/20/15	15.93	16.18	15.58	15.85	10017664	15.93	002532	新界泵业	SZ
1187	11/23/15	15.86	16.09	15.3	15.45	9747101	15.86	002532	新界泵业	SZ
1188	11/24/15	15.57	16.0	15.35	16.0	7590372	15.57	002532	新界泵业	SZ
1189	11/25/15	16.15	16.18	15.87	16.05	8188204	16.15	002532	新界泵业	SZ
1190	11/26/15	16.17	16.23	15.5	15.56	8426764	16.17	002532	新界泵业	SZ
1191	11/27/15	15.5	15.5	14.0	14.16	11819023	15.5	002532	新界泵业	SZ
1192	11/30/15	14.33	14.33	13.34	13.98	8003693	14.33	002532	新界泵业	SZ
1193	12/1/15	13.85	14.65	13.85	14.41	7507345	13.85	002532	新界泵业	SZ
1194	12/2/15	14.4	14.73	13.69	14.17	6768206	14.4	002532	新界泵业	SZ
1195	12/3/15	14.28	14.5	14.13	14.48	6077463	14.28	002532	新界泵业	SZ
1196	12/4/15	14.38	14.86	14.31	14.68	7802876	14.38	002532	新界泵业	SZ
1197	12/7/15	14.68	14.85	14.5	14.73	5322337	14.68	002532	新界泵业	SZ
1198	12/8/15	14.55	14.64	14.17	14.2	4917971	14.55	002532	新界泵业	SZ
1199	12/9/15	14.17	14.28	13.91	14.0	3738144	14.17	002532	新界泵业	SZ
1200	12/10/15	14.0	14.2	13.87	13.91	3333945	14.0	002532	新界泵业	SZ
1201	12/11/15	13.96	13.96	13.6	13.76	3060239	13.96	002532	新界泵业	SZ
1202	12/14/15	13.65	14.39	13.58	14.37	4460577	13.65	002532	新界泵业	SZ
1203	12/15/15	14.47	14.8	14.36	14.42	4597075	14.47	002532	新界泵业	SZ
1204	12/16/15	14.6	14.65	14.38	14.48	4270771	14.6	002532	新界泵业	SZ
1205	12/17/15	14.58	15.49	14.58	15.46	11246780	14.58	002532	新界泵业	SZ
1206	12/18/15	15.31	15.67	15.15	15.59	9791169	15.31	002532	新界泵业	SZ
1207	12/21/15	15.65	16.1	15.59	15.76	7533389	15.65	002532	新界泵业	SZ
1208	12/22/15	15.7	15.76	15.15	15.58	6835009	15.7	002532	新界泵业	SZ
1209	12/23/15	15.56	15.62	15.21	15.26	6003482	15.56	002532	新界泵业	SZ
1210	12/24/15	15.15	15.87	15.15	15.77	8800279	15.15	002532	新界泵业	SZ
1211	12/25/15	15.68	16.05	15.6	15.89	6775647	15.68	002532	新界泵业	SZ
1212	12/28/15	16.01	16.1	15.16	15.2	7252833	16.01	002532	新界泵业	SZ
1213	12/29/15	15.25	15.66	14.92	15.6	4572666	15.25	002532	新界泵业	SZ
1214	12/30/15	15.55	15.87	15.43	15.8	5206466	15.55	002532	新界泵业	SZ
1215	12/31/15	15.85	15.85	15.25	15.26	4661596	15.85	002532	新界泵业	SZ
1216	1/4/16	15.21	15.29	13.78	13.8	3790974	15.21	002532	新界泵业	SZ
1217	1/5/16	13.15	13.98	13.15	13.91	6237971	13.15	002532	新界泵业	SZ
1218	1/6/16	13.93	14.21	13.9	14.16	4207310	13.93	002532	新界泵业	SZ
1219	1/7/16	13.91	13.91	12.78	12.82	1111300	13.91	002532	新界泵业	SZ
1220	1/8/16	13.13	13.27	12.24	12.81	6659152	13.13	002532	新界泵业	SZ
1221	1/11/16	12.36	12.7	11.53	11.53	6859065	12.36	002532	新界泵业	SZ
1222	1/12/16	11.61	11.94	11.42	11.75	3851182	11.61	002532	新界泵业	SZ
1223	1/13/16	11.9	12.13	11.4	11.52	3764625	11.9	002532	新界泵业	SZ
1224	1/14/16	11.22	12.15	11.09	12.03	4205811	11.22	002532	新界泵业	SZ
1225	1/15/16	12.0	12.12	11.44	11.51	3874981	12.0	002532	新界泵业	SZ
1226	1/18/16	11.14	11.95	11.14	11.83	2948964	11.14	002532	新界泵业	SZ
1227	1/19/16	11.79	12.36	11.75	12.29	4656047	11.79	002532	新界泵业	SZ
1228	1/20/16	12.15	12.47	12.13	12.37	4855463	12.15	002532	新界泵业	SZ
1229	1/21/16	12.25	12.61	12.0	12.0	4735521	12.25	002532	新界泵业	SZ
1230	1/22/16	12.0	12.0	12.0	12.0	0	12.0	002532	新界泵业	SZ
1231	1/25/16	12.0	12.0	12.0	12.0	0	12.0	002532	新界泵业	SZ
1232	1/26/16	12.0	12.0	12.0	12.0	0	12.0	002532	新界泵业	SZ
1233	1/27/16	12.0	12.0	12.0	12.0	0	12.0	002532	新界泵业	SZ
1234	1/28/16	11.5	11.8	11.01	11.14	4955489	11.5	002532	新界泵业	SZ
1235	1/29/16	11.01	11.9	10.98	11.62	3448781	11.01	002532	新界泵业	SZ
1236	2/1/16	11.52	11.76	11.15	11.37	1803810	11.52	002532	新界泵业	SZ
1237	2/2/16	11.3	11.76	11.2	11.7	2827628	11.3	002532	新界泵业	SZ
1238	2/3/16	11.6	11.93	11.52	11.82	2627415	11.6	002532	新界泵业	SZ
1239	2/4/16	11.86	12.28	11.77	12.14	3497460	11.86	002532	新界泵业	SZ
1240	2/5/16	12.12	12.32	11.99	11.99	2478560	12.12	002532	新界泵业	SZ
1241	2/15/16	11.83	12.3	11.58	12.23	2593120	11.83	002532	新界泵业	SZ
1242	2/16/16	12.24	12.66	12.19	12.61	2624119	12.24	002532	新界泵业	SZ
1243	2/17/16	12.55	12.73	12.31	12.59	2797020	12.55	002532	新界泵业	SZ
1244	2/18/16	12.6	12.69	12.41	12.42	2965920	12.6	002532	新界泵业	SZ
1245	2/19/16	12.4	12.57	12.26	12.46	2684037	12.4	002532	新界泵业	SZ
1246	2/22/16	12.6	12.78	12.51	12.67	2957282	12.6	002532	新界泵业	SZ
1247	2/23/16	12.67	13.16	12.62	13.15	6645286	12.67	002532	新界泵业	SZ
1248	2/24/16	13.1	13.27	12.83	12.96	4928116	13.1	002532	新界泵业	SZ
1249	2/25/16	12.9	13.01	11.66	11.68	4540343	12.9	002532	新界泵业	SZ
1250	2/26/16	12.2	12.2	11.6	11.89	2830180	12.2	002532	新界泵业	SZ
1251	2/29/16	11.88	11.88	10.91	11.15	2619777	11.88	002532	新界泵业	SZ
1252	3/1/16	11.18	11.51	11.01	11.35	2653047	11.18	002532	新界泵业	SZ
1253	3/2/16	11.35	11.96	11.33	11.88	3389644	11.35	002532	新界泵业	SZ
1254	3/3/16	11.86	12.08	11.8	11.84	3310726	11.86	002532	新界泵业	SZ
1255	3/4/16	11.78	11.88	11.24	11.35	3096718	11.78	002532	新界泵业	SZ
1256	3/7/16	11.35	11.75	11.35	11.53	2189396	11.35	002532	新界泵业	SZ
1257	3/8/16	11.51	11.85	10.96	11.82	3123760	11.51	002532	新界泵业	SZ
1258	3/9/16	11.55	12.02	11.35	12.0	3059390	11.55	002532	新界泵业	SZ
1259	3/10/16	12.04	12.06	11.56	11.88	2314228	12.04	002532	新界泵业	SZ
1260	3/11/16	11.64	11.84	11.51	11.7	1457121	11.64	002532	新界泵业	SZ
1261	3/14/16	11.81	12.3	11.78	12.25	3662380	11.81	002532	新界泵业	SZ
1262	3/15/16	12.16	12.25	11.87	12.05	2389264	12.16	002532	新界泵业	SZ
1263	3/16/16	12.1	12.28	11.9	12.28	3265279	12.1	002532	新界泵业	SZ
1264	3/17/16	12.21	12.6	12.21	12.5	3142037	12.21	002532	新界泵业	SZ
1265	3/18/16	12.5	12.82	12.37	12.74	4080352	12.5	002532	新界泵业	SZ
1266	3/21/16	12.86	13.0	12.68	12.98	5356493	12.86	002532	新界泵业	SZ
1267	3/22/16	12.84	13.07	12.72	12.79	5186218	12.84	002532	新界泵业	SZ
1268	3/23/16	12.76	12.89	12.69	12.88	2622936	12.76	002532	新界泵业	SZ
1269	3/24/16	12.82	12.83	12.6	12.79	2996426	12.82	002532	新界泵业	SZ
1270	3/25/16	12.68	12.84	12.64	12.8	1969975	12.68	002532	新界泵业	SZ
1271	3/28/16	12.83	13.0	12.65	12.68	3020795	12.83	002532	新界泵业	SZ
1272	3/29/16	12.68	12.7	12.2	12.44	2888744	12.68	002532	新界泵业	SZ
1273	3/30/16	12.36	12.8	12.36	12.77	4485207	12.36	002532	新界泵业	SZ
1274	3/31/16	12.75	12.97	12.66	12.77	4952553	12.75	002532	新界泵业	SZ
1275	4/1/16	12.71	12.97	12.4	12.91	4004261	12.71	002532	新界泵业	SZ
1276	4/5/16	12.89	13.43	12.85	13.3	6404969	12.89	002532	新界泵业	SZ
1277	4/6/16	13.3	13.5	13.14	13.38	4087880	13.3	002532	新界泵业	SZ
1278	4/7/16	13.39	13.43	12.91	12.91	4253942	13.39	002532	新界泵业	SZ
1279	4/8/16	12.93	13.1	12.73	12.99	2923417	12.93	002532	新界泵业	SZ
1280	4/11/16	13.05	13.54	13.05	13.29	5257635	13.05	002532	新界泵业	SZ
1281	4/12/16	13.18	13.6	13.15	13.55	7949114	13.18	002532	新界泵业	SZ
1282	4/13/16	13.59	13.87	13.47	13.49	7266546	13.59	002532	新界泵业	SZ
1283	4/14/16	13.5	13.67	13.38	13.62	4313106	13.5	002532	新界泵业	SZ
1284	4/15/16	13.86	14.05	13.52	13.61	4891422	13.86	002532	新界泵业	SZ
1285	4/18/16	13.43	13.83	13.24	13.6	4445303	13.43	002532	新界泵业	SZ
1286	4/19/16	13.63	13.78	13.35	13.51	3393839	13.63	002532	新界泵业	SZ
1287	4/20/16	13.55	13.6	12.55	12.83	4336069	13.55	002532	新界泵业	SZ
1288	4/21/16	12.84	13.04	12.7	12.8	3079722	12.84	002532	新界泵业	SZ
1289	4/22/16	12.78	12.99	12.67	12.99	2240090	12.78	002532	新界泵业	SZ
1290	4/25/16	13.02	13.66	12.88	13.43	5983194	13.02	002532	新界泵业	SZ
1291	4/26/16	13.48	13.55	13.24	13.49	3634439	13.48	002532	新界泵业	SZ
1292	4/27/16	13.48	13.7	13.37	13.46	4291420	13.48	002532	新界泵业	SZ
1293	4/28/16	13.58	13.64	13.19	13.47	4538052	13.58	002532	新界泵业	SZ
1294	4/29/16	13.36	13.53	13.3	13.47	3096303	13.36	002532	新界泵业	SZ
1295	5/3/16	13.43	13.89	13.41	13.89	8198677	13.43	002532	新界泵业	SZ
1296	5/4/16	13.77	13.87	13.66	13.7	5214510	13.77	002532	新界泵业	SZ
1297	5/5/16	13.71	13.83	13.51	13.78	3886932	13.71	002532	新界泵业	SZ
1298	5/6/16	13.78	14.05	13.31	13.33	6618649	13.78	002532	新界泵业	SZ
1299	5/9/16	13.28	13.28	12.68	12.75	3832177	13.28	002532	新界泵业	SZ
1300	5/10/16	12.61	12.88	12.61	12.82	2693838	12.61	002532	新界泵业	SZ
1301	5/11/16	12.88	12.95	12.68	12.72	2813784	12.88	002532	新界泵业	SZ
1302	5/12/16	12.55	12.7	12.33	12.57	2584912	12.55	002532	新界泵业	SZ
1303	5/13/16	12.54	13.0	12.52	12.79	4278768	12.54	002532	新界泵业	SZ
1304	5/16/16	12.75	12.95	12.59	12.9	2557018	12.75	002532	新界泵业	SZ
1305	5/17/16	12.88	12.96	12.67	12.77	1782957	12.88	002532	新界泵业	SZ
1306	5/18/16	12.7	12.75	12.2	12.3	2780137	12.7	002532	新界泵业	SZ
1307	5/19/16	12.38	12.59	12.3	12.42	1712076	12.38	002532	新界泵业	SZ
1308	5/20/16	12.38	12.46	12.2	12.46	2545522	12.38	002532	新界泵业	SZ
1309	5/23/16	12.5	12.88	12.5	12.85	3153491	12.5	002532	新界泵业	SZ
1310	5/24/16	12.82	12.82	12.52	12.58	1968556	12.82	002532	新界泵业	SZ
1311	5/25/16	12.74	13.14	12.73	13.07	6169051	12.74	002532	新界泵业	SZ
1312	5/26/16	13.05	13.34	12.6	13.29	5757141	13.05	002532	新界泵业	SZ
1313	5/27/16	13.1	13.39	13.06	13.26	3735767	13.1	002532	新界泵业	SZ
1314	5/30/16	13.24	13.24	13.0	13.14	1969139	13.24	002532	新界泵业	SZ
1315	5/31/16	13.14	13.76	13.09	13.68	5518360	13.14	002532	新界泵业	SZ
1316	6/1/16	13.65	13.73	13.47	13.67	4263983	13.65	002532	新界泵业	SZ
1317	6/2/16	13.55	13.97	13.55	13.92	6024714	13.55	002532	新界泵业	SZ
1318	6/3/16	13.93	14.15	13.7	13.88	6240233	13.93	002532	新界泵业	SZ
1319	6/6/16	13.94	13.94	13.44	13.66	4455605	13.94	002532	新界泵业	SZ
1320	6/7/16	13.65	13.88	13.51	13.8	3139009	13.65	002532	新界泵业	SZ
1321	6/8/16	13.73	13.82	13.51	13.8	2762615	13.73	002532	新界泵业	SZ
1322	6/13/16	13.49	13.49	13.13	13.22	4896230	13.49	002532	新界泵业	SZ
1323	6/14/16	13.2	13.5	13.11	13.5	3054550	13.2	002532	新界泵业	SZ
1324	6/15/16	13.47	14.41	13.32	14.4	7742354	13.47	002532	新界泵业	SZ
1325	6/16/16	14.38	14.41	14.05	14.14	4786546	14.38	002532	新界泵业	SZ
1326	6/17/16	14.11	14.65	13.95	14.24	7213715	14.11	002532	新界泵业	SZ
1327	6/20/16	14.21	14.43	13.93	14.34	4497522	14.21	002532	新界泵业	SZ
1328	6/21/16	14.32	14.49	13.98	14.09	4559570	14.32	002532	新界泵业	SZ
1329	6/22/16	14.13	14.3	13.95	14.3	3966010	14.13	002532	新界泵业	SZ
1330	6/23/16	14.5	14.77	14.21	14.37	8050165	14.5	002532	新界泵业	SZ
1331	6/24/16	14.3	14.41	13.71	14.14	6245687	14.3	002532	新界泵业	SZ
1332	6/27/16	14.0	14.74	13.98	14.69	6956036	14.0	002532	新界泵业	SZ
1333	6/28/16	14.55	14.77	14.5	14.75	4430150	14.55	002532	新界泵业	SZ
1334	6/29/16	14.78	15.06	14.54	14.92	8976323	14.78	002532	新界泵业	SZ
1335	6/30/16	14.8	15.04	14.79	15.0	6402541	14.8	002532	新界泵业	SZ
1336	7/1/16	15.08	15.08	14.54	14.68	4971597	15.08	002532	新界泵业	SZ
1337	7/4/16	15.11	15.98	15.11	15.36	11857207	15.11	002532	新界泵业	SZ
1338	7/5/16	15.13	15.87	15.06	15.62	11583000	15.13	002532	新界泵业	SZ
1339	7/6/16	15.46	15.69	15.19	15.45	7253836	15.46	002532	新界泵业	SZ
1340	7/7/16	15.55	15.78	15.2	15.42	6701346	15.55	002532	新界泵业	SZ
1341	7/8/16	15.25	15.46	15.09	15.37	5570530	15.25	002532	新界泵业	SZ
1342	7/11/16	15.35	15.36	15.0	15.02	5442021	15.35	002532	新界泵业	SZ
1343	7/12/16	15.08	15.26	14.76	15.2	5426854	15.08	002532	新界泵业	SZ
1344	7/13/16	15.12	15.22	14.92	15.13	7276047	15.12	002532	新界泵业	SZ
1345	7/14/16	15.14	15.34	14.96	15.2	4191357	15.14	002532	新界泵业	SZ
1346	7/15/16	15.09	15.29	15.03	15.16	3010007	15.09	002532	新界泵业	SZ
1347	7/18/16	15.08	15.35	14.77	15.29	10090391	15.08	002532	新界泵业	SZ
1348	7/19/16	15.2	15.5	15.11	15.45	4578836	15.2	002532	新界泵业	SZ
1349	7/20/16	15.45	15.67	15.33	15.55	6210515	15.45	002532	新界泵业	SZ
1350	7/21/16	15.59	15.64	15.36	15.48	4053732	15.59	002532	新界泵业	SZ
1351	7/22/16	15.47	15.49	15.21	15.26	4217888	15.47	002532	新界泵业	SZ
1352	7/25/16	15.15	15.19	14.7	14.74	5861060	15.15	002532	新界泵业	SZ
1353	7/26/16	14.73	15.18	14.63	15.18	8126594	14.73	002532	新界泵业	SZ
1354	7/27/16	15.1	15.1	14.02	14.32	6943388	15.1	002532	新界泵业	SZ
1355	7/28/16	14.32	14.35	14.0	14.17	3323153	14.32	002532	新界泵业	SZ
1356	7/29/16	14.2	14.31	14.1	14.15	2070404	14.2	002532	新界泵业	SZ
1357	8/1/16	14.05	14.17	13.55	14.11	2989148	14.05	002532	新界泵业	SZ
1358	8/2/16	14.0	14.45	13.85	14.39	2324098	14.0	002532	新界泵业	SZ
1359	8/3/16	14.25	14.44	14.17	14.33	1820442	14.25	002532	新界泵业	SZ
1360	8/4/16	14.28	14.37	14.1	14.29	1675901	14.28	002532	新界泵业	SZ
1361	8/5/16	14.23	14.66	14.22	14.52	3510533	14.23	002532	新界泵业	SZ
1362	8/8/16	14.35	14.73	14.01	14.63	4418866	14.35	002532	新界泵业	SZ
1363	8/9/16	14.54	14.75	14.49	14.7	2628847	14.54	002532	新界泵业	SZ
1364	8/10/16	14.7	14.79	14.52	14.69	4274752	14.7	002532	新界泵业	SZ
1365	8/11/16	14.57	14.68	14.38	14.48	2316922	14.57	002532	新界泵业	SZ
1366	8/12/16	14.45	14.55	14.36	14.5	1239606	14.45	002532	新界泵业	SZ
1367	8/15/16	14.5	14.82	14.34	14.78	3726556	14.5	002532	新界泵业	SZ
1368	8/16/16	14.75	14.86	14.7	14.75	1967201	14.75	002532	新界泵业	SZ
1369	8/17/16	14.68	14.83	14.66	14.74	2184274	14.68	002532	新界泵业	SZ
1370	8/18/16	14.75	14.75	14.58	14.66	1760924	14.75	002532	新界泵业	SZ
1371	8/19/16	14.63	14.68	14.43	14.59	1997140	14.63	002532	新界泵业	SZ
1372	8/22/16	14.57	14.7	14.37	14.39	1394622	14.57	002532	新界泵业	SZ
1373	8/23/16	14.43	14.53	14.31	14.43	1651163	14.43	002532	新界泵业	SZ
1374	8/24/16	14.41	14.67	14.38	14.51	2253549	14.41	002532	新界泵业	SZ
1375	8/25/16	14.51	14.84	14.5	14.81	4030646	14.51	002532	新界泵业	SZ
1376	8/26/16	14.8	15.13	14.72	14.91	3953306	14.8	002532	新界泵业	SZ
1377	8/29/16	14.88	15.26	14.81	15.24	4156593	14.88	002532	新界泵业	SZ
1378	8/30/16	15.07	15.17	14.85	14.93	3429433	15.07	002532	新界泵业	SZ
1379	8/31/16	14.92	14.92	14.61	14.8	2732269	14.92	002532	新界泵业	SZ
1380	9/1/16	14.83	14.9	14.73	14.73	1914125	14.83	002532	新界泵业	SZ
1381	9/2/16	14.62	14.74	14.43	14.55	1780262	14.62	002532	新界泵业	SZ
1382	9/5/16	14.6	14.72	14.49	14.61	1268780	14.6	002532	新界泵业	SZ
1383	9/6/16	14.59	15.19	14.59	15.17	5472968	14.59	002532	新界泵业	SZ
1384	9/7/16	15.27	15.63	15.12	15.23	7508645	15.27	002532	新界泵业	SZ
1385	9/8/16	15.14	15.28	15.01	15.17	3049027	15.14	002532	新界泵业	SZ
1386	9/9/16	15.11	15.5	15.09	15.22	3716058	15.11	002532	新界泵业	SZ
1387	9/12/16	14.99	14.99	14.12	14.26	3720430	14.99	002532	新界泵业	SZ
1388	9/13/16	14.5	14.5	14.14	14.32	2130081	14.5	002532	新界泵业	SZ
1389	9/14/16	14.2	14.49	14.04	14.39	1495163	14.2	002532	新界泵业	SZ
1390	9/19/16	14.49	14.68	14.4	14.5	1299240	14.49	002532	新界泵业	SZ
1391	9/20/16	14.5	14.59	14.2	14.38	1726400	14.5	002532	新界泵业	SZ
1392	9/21/16	14.42	14.57	14.28	14.57	2007254	14.42	002532	新界泵业	SZ
1393	9/22/16	14.87	14.89	14.52	14.57	1888976	14.87	002532	新界泵业	SZ
1394	9/23/16	14.68	14.68	14.3	14.52	1771358	14.68	002532	新界泵业	SZ
1395	9/26/16	14.57	14.61	14.1	14.12	2034527	14.57	002532	新界泵业	SZ
1396	9/27/16	14.11	14.49	13.93	14.21	1833554	14.11	002532	新界泵业	SZ
1397	9/28/16	14.17	14.32	14.08	14.08	1150822	14.17	002532	新界泵业	SZ
1398	9/29/16	14.08	14.32	14.08	14.22	1164083	14.08	002532	新界泵业	SZ
1399	9/30/16	14.26	14.37	14.19	14.21	959028	14.26	002532	新界泵业	SZ
1400	10/10/16	14.31	14.72	14.25	14.68	2779822	14.31	002532	新界泵业	SZ
1401	10/11/16	14.71	14.85	14.61	14.83	2328790	14.71	002532	新界泵业	SZ
1402	10/12/16	14.8	14.94	14.7	14.87	2116819	14.8	002532	新界泵业	SZ
1403	10/13/16	14.95	14.97	14.8	14.9	1820194	14.95	002532	新界泵业	SZ
1404	10/14/16	14.97	15.0	14.82	14.91	2353950	14.97	002532	新界泵业	SZ
1405	10/17/16	15.05	15.35	14.9	14.95	3301280	15.05	002532	新界泵业	SZ
1406	10/18/16	15.0	15.24	14.9	15.15	2309841	15.0	002532	新界泵业	SZ
1407	10/19/16	15.3	15.43	15.15	15.24	2551202	15.3	002532	新界泵业	SZ
1408	10/20/16	15.27	15.39	15.09	15.29	2237394	15.27	002532	新界泵业	SZ
1409	10/21/16	15.28	15.28	14.85	14.99	1274320	15.28	002532	新界泵业	SZ
1410	10/24/16	15.07	15.47	14.92	15.3	3126048	15.07	002532	新界泵业	SZ
1411	10/25/16	15.39	15.57	15.27	15.36	2591173	15.39	002532	新界泵业	SZ
1412	10/26/16	15.39	15.39	15.1	15.3	1848150	15.39	002532	新界泵业	SZ
1413	10/27/16	15.29	15.37	15.21	15.28	1555683	15.29	002532	新界泵业	SZ
1414	10/28/16	15.22	15.3	14.92	14.96	2089435	15.22	002532	新界泵业	SZ
1415	10/31/16	14.96	15.09	14.85	15.0	1344023	14.96	002532	新界泵业	SZ
1416	11/1/16	15.08	15.12	14.85	14.98	2755745	15.08	002532	新界泵业	SZ
1417	11/2/16	14.98	15.23	14.94	15.02	2091205	14.98	002532	新界泵业	SZ
1418	11/3/16	14.97	15.24	14.97	15.17	1815512	14.97	002532	新界泵业	SZ
1419	11/4/16	15.17	15.28	15.1	15.24	1652500	15.17	002532	新界泵业	SZ
1420	11/7/16	15.19	15.31	15.12	15.29	1931382	15.19	002532	新界泵业	SZ
1421	11/8/16	15.3	15.35	15.11	15.15	1943514	15.3	002532	新界泵业	SZ
1422	11/9/16	15.15	15.18	14.5	14.88	2517534	15.15	002532	新界泵业	SZ
1423	11/10/16	14.98	15.23	14.96	15.19	2028990	14.98	002532	新界泵业	SZ
1424	11/11/16	15.2	15.57	15.14	15.31	4107772	15.2	002532	新界泵业	SZ
1425	11/14/16	15.29	15.81	15.25	15.81	4344931	15.29	002532	新界泵业	SZ
1426	11/15/16	15.8	15.98	15.6	15.65	3485424	15.8	002532	新界泵业	SZ
1427	11/16/16	15.76	17.18	15.65	16.33	8986144	15.76	002532	新界泵业	SZ
1428	11/17/16	16.26	16.59	15.98	16.11	4222931	16.26	002532	新界泵业	SZ
1429	11/18/16	16.12	16.17	15.74	15.79	3261064	16.12	002532	新界泵业	SZ
1430	11/21/16	15.81	16.7	15.68	16.55	6103944	15.81	002532	新界泵业	SZ
1431	11/22/16	16.36	16.7	16.31	16.46	4122040	16.36	002532	新界泵业	SZ
1432	11/23/16	16.46	16.84	16.04	16.22	3900825	16.46	002532	新界泵业	SZ
1433	11/24/16	16.16	16.27	15.81	15.88	2970706	16.16	002532	新界泵业	SZ
1434	11/25/16	15.92	16.07	15.56	16.01	2567142	15.92	002532	新界泵业	SZ
1435	11/28/16	16.02	16.07	15.3	15.56	4178768	16.02	002532	新界泵业	SZ
1436	11/29/16	15.45	15.66	15.23	15.28	3085364	15.45	002532	新界泵业	SZ
1437	11/30/16	15.17	15.43	15.17	15.33	1813221	15.17	002532	新界泵业	SZ
1438	12/1/16	15.35	15.45	15.27	15.38	1364098	15.35	002532	新界泵业	SZ
1439	12/2/16	15.41	15.44	15.1	15.28	1969635	15.41	002532	新界泵业	SZ
1440	12/5/16	15.13	15.53	15.1	15.43	1351243	15.13	002532	新界泵业	SZ
1441	12/6/16	15.36	15.88	15.36	15.7	2888388	15.36	002532	新界泵业	SZ
1442	12/7/16	15.7	15.84	15.53	15.76	2043009	15.7	002532	新界泵业	SZ
1443	12/8/16	15.8	15.89	15.6	15.72	2635598	15.8	002532	新界泵业	SZ
1444	12/9/16	15.65	15.78	15.47	15.65	2028398	15.65	002532	新界泵业	SZ
1445	12/12/16	15.54	15.56	14.3	14.75	3164266	15.54	002532	新界泵业	SZ
1446	12/13/16	14.78	14.88	14.38	14.78	2090719	14.78	002532	新界泵业	SZ
1447	12/14/16	14.78	15.09	14.53	14.97	1973592	14.78	002532	新界泵业	SZ
1448	12/15/16	14.88	15.15	14.66	14.99	1214605	14.88	002532	新界泵业	SZ
1449	12/16/16	15.09	15.09	14.79	14.85	1167642	15.09	002532	新界泵业	SZ
1450	12/19/16	14.85	15.53	14.68	15.21	1961888	14.85	002532	新界泵业	SZ
1451	12/20/16	15.04	15.23	14.76	14.83	1573649	15.04	002532	新界泵业	SZ
1452	12/21/16	14.96	15.44	14.8	15.38	3569405	14.96	002532	新界泵业	SZ
1453	12/22/16	15.37	15.49	15.1	15.37	1604691	15.37	002532	新界泵业	SZ
1454	12/23/16	15.38	15.38	14.89	15.22	2073205	15.38	002532	新界泵业	SZ
1455	12/26/16	15.02	15.18	14.68	14.93	1577396	15.02	002532	新界泵业	SZ
1456	12/27/16	14.93	15.02	14.87	15.0	1418629	14.93	002532	新界泵业	SZ
1457	12/28/16	15.0	15.05	14.77	14.8	2152731	15.0	002532	新界泵业	SZ
1458	12/29/16	14.81	15.23	14.8	14.93	2565168	14.81	002532	新界泵业	SZ
1459	12/30/16	15.07	15.19	14.9	15.1	1353247	15.07	002532	新界泵业	SZ
1460	1/3/17	15.2	15.31	14.75	14.8	4641514	15.2	002532	新界泵业	SZ
1461	1/4/17	14.85	14.88	14.58	14.8	3830928	14.85	002532	新界泵业	SZ
1462	1/5/17	14.81	15.02	14.78	14.93	2853111	14.81	002532	新界泵业	SZ
1463	1/6/17	15.0	15.15	14.79	14.87	1789169	15.0	002532	新界泵业	SZ
1464	1/9/17	14.74	15.0	14.73	14.85	1505773	14.74	002532	新界泵业	SZ
1465	1/10/17	14.92	14.92	14.62	14.62	2410646	14.92	002532	新界泵业	SZ
1466	1/11/17	14.63	14.71	14.33	14.35	1680624	14.63	002532	新界泵业	SZ
1467	1/12/17	14.35	14.37	14.08	14.22	1563740	14.35	002532	新界泵业	SZ
1468	1/13/17	14.22	14.26	13.84	13.84	1627260	14.22	002532	新界泵业	SZ
1469	1/16/17	13.84	13.86	12.46	12.77	3023037	13.84	002532	新界泵业	SZ
1470	1/17/17	12.65	12.98	12.35	12.88	2033102	12.65	002532	新界泵业	SZ
1471	1/18/17	12.88	13.1	12.73	13.03	1537637	12.88	002532	新界泵业	SZ
1472	1/19/17	12.92	13.09	12.83	12.91	1244782	12.92	002532	新界泵业	SZ
1473	1/20/17	12.92	13.27	12.74	13.2	1645914	12.92	002532	新界泵业	SZ
1474	1/23/17	13.15	13.48	13.15	13.25	2774354	13.15	002532	新界泵业	SZ
1475	1/24/17	13.28	13.39	13.16	13.28	1302757	13.28	002532	新界泵业	SZ
1476	1/25/17	13.3	13.5	13.2	13.4	1017897	13.3	002532	新界泵业	SZ
1477	1/26/17	13.41	13.66	13.4	13.6	585369	13.41	002532	新界泵业	SZ
1478	2/3/17	13.6	13.7	13.52	13.68	1358902	13.6	002532	新界泵业	SZ
1479	2/6/17	13.68	14.07	13.68	14.01	2064770	13.68	002532	新界泵业	SZ
1480	2/7/17	14.01	14.03	13.71	13.85	1074196	14.01	002532	新界泵业	SZ
1481	2/8/17	13.99	13.99	13.61	13.86	1122317	13.99	002532	新界泵业	SZ
1482	2/9/17	13.86	14.08	13.73	14.03	1637513	13.86	002532	新界泵业	SZ
1483	2/10/17	14.03	14.27	13.92	13.93	1955366	14.03	002532	新界泵业	SZ
1484	2/13/17	13.94	14.27	13.82	14.17	2067572	13.94	002532	新界泵业	SZ
1485	2/14/17	14.03	14.19	13.92	14.15	1544202	14.03	002532	新界泵业	SZ
1486	2/15/17	13.97	14.26	13.78	13.82	1427278	13.97	002532	新界泵业	SZ
1487	2/16/17	13.8	14.18	13.67	14.14	2700807	13.8	002532	新界泵业	SZ
1488	2/17/17	14.06	14.19	13.81	13.85	1120897	14.06	002532	新界泵业	SZ
1489	2/20/17	13.79	14.02	13.72	13.95	1016673	13.79	002532	新界泵业	SZ
1490	2/21/17	14.0	14.18	13.99	14.14	1535521	14.0	002532	新界泵业	SZ
1491	2/22/17	14.14	14.35	14.06	14.08	1563052	14.14	002532	新界泵业	SZ
1492	2/23/17	14.1	14.28	14.01	14.17	2056751	14.1	002532	新界泵业	SZ
1493	2/24/17	14.17	14.29	14.11	14.24	1806494	14.17	002532	新界泵业	SZ
1494	2/27/17	14.19	14.35	13.99	14.08	1962519	14.19	002532	新界泵业	SZ
1495	2/28/17	14.07	14.31	14.02	14.31	1504616	14.07	002532	新界泵业	SZ
1496	3/1/17	14.23	14.5	14.19	14.42	3248904	14.23	002532	新界泵业	SZ
1497	3/2/17	14.45	14.45	14.16	14.2	1184961	14.45	002532	新界泵业	SZ
1498	3/3/17	14.2	14.36	14.18	14.28	1430091	14.2	002532	新界泵业	SZ
1499	3/6/17	14.28	14.74	14.07	14.56	3022975	14.28	002532	新界泵业	SZ
1500	3/7/17	14.57	14.77	14.52	14.62	1693719	14.57	002532	新界泵业	SZ
1501	3/8/17	14.73	14.73	14.5	14.62	1507652	14.73	002532	新界泵业	SZ
1502	3/9/17	14.69	14.73	14.39	14.6	2156825	14.69	002532	新界泵业	SZ
1503	3/10/17	14.59	14.7	14.45	14.47	1155389	14.59	002532	新界泵业	SZ
1504	3/13/17	14.38	14.86	14.35	14.77	2130434	14.38	002532	新界泵业	SZ
1505	3/14/17	14.77	14.91	14.67	14.83	1357709	14.77	002532	新界泵业	SZ
1506	3/15/17	14.95	14.95	14.52	14.66	1145267	14.95	002532	新界泵业	SZ
1507	3/16/17	14.85	14.85	14.42	14.61	2124712	14.85	002532	新界泵业	SZ
1508	3/17/17	14.59	14.64	14.38	14.42	2533269	14.59	002532	新界泵业	SZ
1509	3/20/17	14.47	14.93	14.31	14.89	2351989	14.47	002532	新界泵业	SZ
1510	3/21/17	14.87	14.87	14.51	14.56	1726903	14.87	002532	新界泵业	SZ
1511	3/22/17	14.49	14.56	14.13	14.54	2336508	14.49	002532	新界泵业	SZ
1512	3/23/17	14.44	14.44	14.06	14.2	1747891	14.44	002532	新界泵业	SZ
1513	3/24/17	14.33	14.38	13.76	14.3	5919429	14.33	002532	新界泵业	SZ
1514	3/27/17	14.12	14.2	13.78	14.01	4030439	14.12	002532	新界泵业	SZ
1515	3/28/17	13.7	13.93	13.5	13.8	3001606	13.7	002532	新界泵业	SZ
1516	3/29/17	13.74	14.0	13.48	13.48	6422690	13.74	002532	新界泵业	SZ
1517	3/30/17	13.4	13.4	12.98	13.04	3308654	13.4	002532	新界泵业	SZ
1518	3/31/17	13.15	13.25	12.84	13.06	3092270	13.15	002532	新界泵业	SZ
1519	4/5/17	13.12	13.27	12.97	13.25	5635861	13.12	002532	新界泵业	SZ
1520	4/6/17	13.22	13.53	13.16	13.45	4414860	13.22	002532	新界泵业	SZ
1521	4/7/17	13.46	13.58	13.31	13.41	2880149	13.46	002532	新界泵业	SZ
1522	4/10/17	13.41	13.41	13.07	13.09	3744886	13.41	002532	新界泵业	SZ
1523	4/11/17	13.08	13.29	13.08	13.27	3054047	13.08	002532	新界泵业	SZ
1524	4/12/17	13.2	13.89	13.07	13.47	6071256	13.2	002532	新界泵业	SZ
1525	4/13/17	13.46	13.78	13.23	13.67	9679717	13.46	002532	新界泵业	SZ
1526	4/14/17	13.52	13.61	13.0	13.12	9667607	13.52	002532	新界泵业	SZ
1527	4/17/17	13.12	13.12	12.58	12.69	5226061	13.12	002532	新界泵业	SZ
1528	4/18/17	12.69	12.83	12.17	12.2	6760506	12.69	002532	新界泵业	SZ
1529	4/19/17	12.15	12.25	11.91	12.09	4184340	12.15	002532	新界泵业	SZ
1530	4/20/17	12.11	12.2	11.74	11.88	4255737	12.11	002532	新界泵业	SZ
1531	4/21/17	11.91	12.04	11.8	11.9	2836900	11.91	002532	新界泵业	SZ
1532	4/24/17	11.9	11.92	11.54	11.54	2572492	11.9	002532	新界泵业	SZ
1533	4/25/17	11.57	11.77	11.57	11.63	1864361	11.57	002532	新界泵业	SZ
1534	4/26/17	11.68	11.79	11.65	11.71	1953738	11.68	002532	新界泵业	SZ
1535	4/27/17	11.69	11.98	11.67	11.95	2976677	11.69	002532	新界泵业	SZ
1536	4/28/17	12.07	12.4	12.01	12.26	4258935	12.07	002532	新界泵业	SZ
1537	5/2/17	12.39	12.39	12.22	12.31	2782262	12.39	002532	新界泵业	SZ
1538	5/3/17	12.33	12.53	12.23	12.31	3054272	12.33	002532	新界泵业	SZ
1539	5/4/17	12.33	12.85	12.23	12.6	7588447	12.33	002532	新界泵业	SZ
1540	5/5/17	12.53	12.78	12.4	12.45	3928336	12.53	002532	新界泵业	SZ
1541	5/8/17	12.42	12.6	12.25	12.25	3210100	12.42	002532	新界泵业	SZ
1542	5/9/17	12.26	12.58	12.21	12.48	2605516	12.26	002532	新界泵业	SZ
1543	5/10/17	12.55	12.67	12.22	12.22	2860706	12.55	002532	新界泵业	SZ
1544	5/11/17	12.23	12.44	11.71	12.28	3704655	12.23	002532	新界泵业	SZ
1545	5/12/17	12.23	12.39	12.13	12.27	1852052	12.23	002532	新界泵业	SZ
1546	5/15/17	12.32	12.43	12.24	12.26	1777379	12.32	002532	新界泵业	SZ
